model;tipo;rank_test_score;mean_train_score;std_train_score;mean_test_score;std_test_score;params;external_r2;external_mae;external_rmse;generalization_gap_cv_external
Gradient Boosting Regressor;GradientBoostingRegressor;1;0.9966736768115814;0.0006190650388945221;0.8250377344996185;0.028557182289055683;{'subsample': 0.6, 'n_estimators': 500, 'min_samples_split': 10, 'min_samples_leaf': 5, 'max_features': 0.5, 'max_depth': 3, 'loss': 'huber', 'learning_rate': 0.15};0.568764727272896;0.0821485784348622;0.11098421527442778;0.2562730072267225
Gradient Boosting Regressor;GradientBoostingRegressor;2;0.9999339111426974;7.149230428046795e-06;0.8229205478271867;0.021608887653204553;{'subsample': 1.0, 'n_estimators': 500, 'min_samples_split': 2, 'min_samples_leaf': 3, 'max_features': None, 'max_depth': 3, 'loss': 'squared_error', 'learning_rate': 0.15};0.5791211562902685;0.0790011641033738;0.10964343302468871;0.2437993915369182
Gradient Boosting Regressor;GradientBoostingRegressor;3;0.9947997138833978;0.0009323973523651599;0.8228119864852058;0.024822019277864264;{'subsample': 0.6, 'n_estimators': 400, 'min_samples_split': 10, 'min_samples_leaf': 10, 'max_features': None, 'max_depth': 4, 'loss': 'huber', 'learning_rate': 0.1};0.5589328056615296;0.08043826686724084;0.11224227376593382;0.26387918082367623
Gradient Boosting Regressor;GradientBoostingRegressor;4;0.9845695058738174;0.0016214282491690878;0.8215585001867541;0.026168502954391777;{'subsample': 0.75, 'n_estimators': 500, 'min_samples_split': 2, 'min_samples_leaf': 10, 'max_features': None, 'max_depth': 3, 'loss': 'huber', 'learning_rate': 0.05};0.5366567424096514;0.08373484131213368;0.11504175574857968;0.2849017577771027
Gradient Boosting Regressor;GradientBoostingRegressor;5;0.9930950384991419;0.0016220846573885435;0.8206096601255559;0.030893801484435924;{'subsample': 1.0, 'n_estimators': 400, 'min_samples_split': 20, 'min_samples_leaf': 5, 'max_features': None, 'max_depth': 3, 'loss': 'huber', 'learning_rate': 0.1};0.5648051606348368;0.08255967729629854;0.11149257495831666;0.25580449949071915
Gradient Boosting Regressor;GradientBoostingRegressor;6;0.995034652829083;0.000556093365586219;0.8204457262035326;0.03710056405101072;{'subsample': 1.0, 'n_estimators': 300, 'min_samples_split': 20, 'min_samples_leaf': 20, 'max_features': 0.5, 'max_depth': 5, 'loss': 'squared_error', 'learning_rate': 0.1};0.5532621099402084;0.08117443881241576;0.11296150547310478;0.2671836162633242
Gradient Boosting Regressor;GradientBoostingRegressor;7;0.9884225323339824;0.0016606369192711287;0.8190061810555423;0.029336317158099378;{'subsample': 1.0, 'n_estimators': 200, 'min_samples_split': 5, 'min_samples_leaf': 5, 'max_features': None, 'max_depth': 3, 'loss': 'huber', 'learning_rate': 0.12};0.5378733881952145;0.08364702847599807;0.11489061826483968;0.2811327928603279
Gradient Boosting Regressor;GradientBoostingRegressor;8;0.9875747761781206;0.0013249873007554125;0.8184761113652824;0.02315642586590034;{'subsample': 1.0, 'n_estimators': 200, 'min_samples_split': 20, 'min_samples_leaf': 1, 'max_features': 0.75, 'max_depth': 2, 'loss': 'squared_error', 'learning_rate': 0.25};0.5418256006676025;0.08344547799275753;0.1143982779313243;0.2766505106976799
Gradient Boosting Regressor;GradientBoostingRegressor;9;0.9998700072443756;1.979927692128454e-05;0.818150012990964;0.034392867200606254;{'subsample': 1.0, 'n_estimators': 400, 'min_samples_split': 5, 'min_samples_leaf': 5, 'max_features': None, 'max_depth': 4, 'loss': 'squared_error', 'learning_rate': 0.1};0.5288982085602277;0.08252508294634685;0.11600092577223232;0.2892518044307363
Gradient Boosting Regressor;GradientBoostingRegressor;10;0.9868512155240925;0.0015501406820186085;0.8164989451139262;0.025246327634666204;{'subsample': 0.6, 'n_estimators': 300, 'min_samples_split': 20, 'min_samples_leaf': 3, 'max_features': 0.5, 'max_depth': 3, 'loss': 'huber', 'learning_rate': 0.1};0.5350865606653343;0.08363797264642253;0.115236518146539;0.28141238444859185
Gradient Boosting Regressor;GradientBoostingRegressor;11;0.9902401255741864;0.0005356454521251252;0.8152763027322283;0.04069004982931827;{'subsample': 1.0, 'n_estimators': 300, 'min_samples_split': 5, 'min_samples_leaf': 20, 'max_features': 0.5, 'max_depth': 5, 'loss': 'squared_error', 'learning_rate': 0.07};;;;
Gradient Boosting Regressor;GradientBoostingRegressor;12;0.9974267100526593;0.00040516155225073306;0.8138670605960516;0.025042214500947214;{'subsample': 1.0, 'n_estimators': 500, 'min_samples_split': 5, 'min_samples_leaf': 10, 'max_features': 0.75, 'max_depth': 5, 'loss': 'huber', 'learning_rate': 0.15};;;;
Gradient Boosting Regressor;GradientBoostingRegressor;13;0.9969321930826768;0.00037832524030264675;0.807626189559685;0.03448874864477677;{'subsample': 0.75, 'n_estimators': 500, 'min_samples_split': 10, 'min_samples_leaf': 3, 'max_features': 0.5, 'max_depth': 2, 'loss': 'squared_error', 'learning_rate': 0.2};;;;
Gradient Boosting Regressor;GradientBoostingRegressor;14;0.9917230574611586;0.0008929376295958714;0.8047516761908289;0.04081741244448199;{'subsample': 0.85, 'n_estimators': 500, 'min_samples_split': 5, 'min_samples_leaf': 20, 'max_features': None, 'max_depth': 2, 'loss': 'squared_error', 'learning_rate': 0.2};;;;
Gradient Boosting Regressor;GradientBoostingRegressor;15;0.9900126704165769;0.0014655208889334367;0.8035751211166785;0.03523004607240612;{'subsample': 0.6, 'n_estimators': 200, 'min_samples_split': 2, 'min_samples_leaf': 20, 'max_features': 0.75, 'max_depth': 4, 'loss': 'squared_error', 'learning_rate': 0.2};;;;
Gradient Boosting Regressor;GradientBoostingRegressor;16;0.9999980986656647;5.111269912676117e-07;0.8015518009369602;0.037431000376015315;{'subsample': 1.0, 'n_estimators': 400, 'min_samples_split': 20, 'min_samples_leaf': 3, 'max_features': 0.5, 'max_depth': 5, 'loss': 'squared_error', 'learning_rate': 0.15};;;;
Gradient Boosting Regressor;GradientBoostingRegressor;17;0.9804795905602388;0.001702125834306229;0.8014839892645726;0.04452206069357604;{'subsample': 1.0, 'n_estimators': 100, 'min_samples_split': 2, 'min_samples_leaf': 10, 'max_features': 0.5, 'max_depth': 3, 'loss': 'squared_error', 'learning_rate': 0.2};;;;
Gradient Boosting Regressor;GradientBoostingRegressor;18;0.9983271478466316;0.0004538986247258545;0.800962717558952;0.03889504153541598;{'subsample': 0.85, 'n_estimators': 500, 'min_samples_split': 5, 'min_samples_leaf': 20, 'max_features': 0.5, 'max_depth': 3, 'loss': 'squared_error', 'learning_rate': 0.2};;;;
Gradient Boosting Regressor;GradientBoostingRegressor;19;0.9991350108133477;0.0007185917619500966;0.8005437249051646;0.038009509012984555;{'subsample': 1.0, 'n_estimators': 500, 'min_samples_split': 2, 'min_samples_leaf': 3, 'max_features': 0.5, 'max_depth': 4, 'loss': 'huber', 'learning_rate': 0.2};;;;
Gradient Boosting Regressor;GradientBoostingRegressor;20;0.947341275814099;0.003770260833587925;0.7997119655652349;0.027385427153995338;{'subsample': 0.75, 'n_estimators': 200, 'min_samples_split': 10, 'min_samples_leaf': 3, 'max_features': None, 'max_depth': 2, 'loss': 'huber', 'learning_rate': 0.1};;;;
Gradient Boosting Regressor;GradientBoostingRegressor;21;0.959905142687688;0.002430631964693035;0.7991222400849418;0.024384726374042983;{'subsample': 0.75, 'n_estimators': 100, 'min_samples_split': 5, 'min_samples_leaf': 1, 'max_features': None, 'max_depth': 3, 'loss': 'huber', 'learning_rate': 0.1};;;;
Gradient Boosting Regressor;GradientBoostingRegressor;22;0.9688098264070083;0.0028362657250520797;0.7979010764371297;0.02815514036406346;{'subsample': 0.85, 'n_estimators': 500, 'min_samples_split': 10, 'min_samples_leaf': 10, 'max_features': 0.5, 'max_depth': 5, 'loss': 'absolute_error', 'learning_rate': 0.12};;;;
Gradient Boosting Regressor;GradientBoostingRegressor;23;0.9999999844483034;6.079431292647938e-09;0.7972351724685127;0.03336049514824753;{'subsample': 0.85, 'n_estimators': 400, 'min_samples_split': 2, 'min_samples_leaf': 3, 'max_features': 0.75, 'max_depth': 5, 'loss': 'squared_error', 'learning_rate': 0.15};;;;
Gradient Boosting Regressor;GradientBoostingRegressor;24;0.9409378300386194;0.004118843996377181;0.79669681280584;0.02846359503083162;{'subsample': 0.75, 'n_estimators': 200, 'min_samples_split': 5, 'min_samples_leaf': 10, 'max_features': None, 'max_depth': 4, 'loss': 'absolute_error', 'learning_rate': 0.07};;;;
Gradient Boosting Regressor;GradientBoostingRegressor;25;0.978957056076708;0.002239718638410613;0.7942305561482615;0.014312655380413876;{'subsample': 0.85, 'n_estimators': 300, 'min_samples_split': 5, 'min_samples_leaf': 3, 'max_features': None, 'max_depth': 5, 'loss': 'absolute_error', 'learning_rate': 0.15};;;;
Gradient Boosting Regressor;GradientBoostingRegressor;26;0.9982549712529402;0.0002879961972682624;0.7938532212179823;0.030019541808073626;{'subsample': 0.85, 'n_estimators': 200, 'min_samples_split': 20, 'min_samples_leaf': 3, 'max_features': 0.5, 'max_depth': 5, 'loss': 'huber', 'learning_rate': 0.15};;;;
Gradient Boosting Regressor;GradientBoostingRegressor;27;0.9943969773448771;0.0013534687434382684;0.7923537968817612;0.03284139477879957;{'subsample': 1.0, 'n_estimators': 200, 'min_samples_split': 10, 'min_samples_leaf': 1, 'max_features': 0.5, 'max_depth': 5, 'loss': 'huber', 'learning_rate': 0.05};;;;
Gradient Boosting Regressor;GradientBoostingRegressor;28;0.9257473127485957;0.0027467528311727234;0.7918537853629147;0.029079975335297117;{'subsample': 0.85, 'n_estimators': 200, 'min_samples_split': 2, 'min_samples_leaf': 1, 'max_features': None, 'max_depth': 2, 'loss': 'huber', 'learning_rate': 0.07};;;;
Gradient Boosting Regressor;GradientBoostingRegressor;29;0.9558264496236049;0.005906247536886136;0.7899897125467851;0.03738234277967421;{'subsample': 0.6, 'n_estimators': 300, 'min_samples_split': 5, 'min_samples_leaf': 10, 'max_features': 0.75, 'max_depth': 4, 'loss': 'absolute_error', 'learning_rate': 0.15};;;;
Gradient Boosting Regressor;GradientBoostingRegressor;30;0.9978790930722046;0.0004294055867511407;0.7889391990196273;0.041265583198429254;{'subsample': 1.0, 'n_estimators': 400, 'min_samples_split': 2, 'min_samples_leaf': 10, 'max_features': 'sqrt', 'max_depth': 3, 'loss': 'squared_error', 'learning_rate': 0.2};;;;
Gradient Boosting Regressor;GradientBoostingRegressor;31;0.9470996401163829;0.0026259732720440897;0.7886395448288356;0.02601199597210235;{'subsample': 0.85, 'n_estimators': 500, 'min_samples_split': 20, 'min_samples_leaf': 1, 'max_features': 0.75, 'max_depth': 3, 'loss': 'absolute_error', 'learning_rate': 0.12};;;;
Gradient Boosting Regressor;GradientBoostingRegressor;32;0.9273205754039229;0.006526147462605185;0.7867656989899963;0.016909543321404825;{'subsample': 0.85, 'n_estimators': 400, 'min_samples_split': 5, 'min_samples_leaf': 5, 'max_features': None, 'max_depth': 3, 'loss': 'absolute_error', 'learning_rate': 0.05};;;;
Gradient Boosting Regressor;GradientBoostingRegressor;33;0.9985331004009715;0.0002514151548575957;0.7867181650784156;0.031209388374585808;{'subsample': 0.85, 'n_estimators': 500, 'min_samples_split': 20, 'min_samples_leaf': 1, 'max_features': 'sqrt', 'max_depth': 3, 'loss': 'huber', 'learning_rate': 0.25};;;;
Gradient Boosting Regressor;GradientBoostingRegressor;34;0.9998850238315542;1.0214350375906003e-05;0.784854054247486;0.033016878721470876;{'subsample': 0.75, 'n_estimators': 400, 'min_samples_split': 20, 'min_samples_leaf': 3, 'max_features': 'sqrt', 'max_depth': 5, 'loss': 'squared_error', 'learning_rate': 0.12};;;;
Gradient Boosting Regressor;GradientBoostingRegressor;35;0.9428980396118488;0.006395611707773264;0.7840464089838258;0.03394778357519913;{'subsample': 0.85, 'n_estimators': 400, 'min_samples_split': 2, 'min_samples_leaf': 10, 'max_features': 0.75, 'max_depth': 3, 'loss': 'absolute_error', 'learning_rate': 0.12};;;;
Gradient Boosting Regressor;GradientBoostingRegressor;36;0.9198114388174549;0.004632340186762614;0.7831087269412409;0.03757639635501699;{'subsample': 0.75, 'n_estimators': 300, 'min_samples_split': 2, 'min_samples_leaf': 5, 'max_features': 0.75, 'max_depth': 2, 'loss': 'absolute_error', 'learning_rate': 0.25};;;;
Gradient Boosting Regressor;GradientBoostingRegressor;37;0.9958292732220411;0.001693624153640852;0.7806454415967663;0.02526206146835719;{'subsample': 0.85, 'n_estimators': 100, 'min_samples_split': 20, 'min_samples_leaf': 5, 'max_features': 0.75, 'max_depth': 4, 'loss': 'huber', 'learning_rate': 0.4};;;;
Gradient Boosting Regressor;GradientBoostingRegressor;38;0.9777116795219861;0.002641258350988623;0.7791844702509929;0.03595920248016604;{'subsample': 0.75, 'n_estimators': 400, 'min_samples_split': 5, 'min_samples_leaf': 3, 'max_features': 0.5, 'max_depth': 5, 'loss': 'absolute_error', 'learning_rate': 0.12};;;;
Gradient Boosting Regressor;GradientBoostingRegressor;39;0.9087675623689474;0.0031039711930968515;0.7781777953370257;0.03532783535610757;{'subsample': 0.85, 'n_estimators': 400, 'min_samples_split': 2, 'min_samples_leaf': 20, 'max_features': None, 'max_depth': 3, 'loss': 'absolute_error', 'learning_rate': 0.05};;;;
Gradient Boosting Regressor;GradientBoostingRegressor;40;0.9888767387629842;0.0006317257859781971;0.7771656289792793;0.03190684155174352;{'subsample': 1.0, 'n_estimators': 300, 'min_samples_split': 5, 'min_samples_leaf': 3, 'max_features': 'sqrt', 'max_depth': 4, 'loss': 'squared_error', 'learning_rate': 0.05};;;;
Gradient Boosting Regressor;GradientBoostingRegressor;41;0.9988415909643205;0.00013460216265957312;0.7769405920220718;0.045959710904615876;{'subsample': 0.85, 'n_estimators': 200, 'min_samples_split': 2, 'min_samples_leaf': 3, 'max_features': 'sqrt', 'max_depth': 5, 'loss': 'squared_error', 'learning_rate': 0.1};;;;
Gradient Boosting Regressor;GradientBoostingRegressor;42;0.8899938005415666;0.008248374627267189;0.776016796973771;0.022518420518856965;{'subsample': 0.6, 'n_estimators': 400, 'min_samples_split': 2, 'min_samples_leaf': 3, 'max_features': None, 'max_depth': 2, 'loss': 'absolute_error', 'learning_rate': 0.05};;;;
Gradient Boosting Regressor;GradientBoostingRegressor;43;0.9029574599394141;0.00458445417685097;0.7742633689066137;0.026520800635980824;{'subsample': 0.85, 'n_estimators': 300, 'min_samples_split': 10, 'min_samples_leaf': 3, 'max_features': 0.5, 'max_depth': 2, 'loss': 'absolute_error', 'learning_rate': 0.15};;;;
Gradient Boosting Regressor;GradientBoostingRegressor;44;0.8993424277488247;0.005531602870438896;0.7733667368286794;0.03148706573042675;{'subsample': 0.85, 'n_estimators': 500, 'min_samples_split': 20, 'min_samples_leaf': 20, 'max_features': 0.5, 'max_depth': 2, 'loss': 'absolute_error', 'learning_rate': 0.12};;;;
Gradient Boosting Regressor;GradientBoostingRegressor;45;0.9159260292784055;0.005116687630248212;0.7726693531791026;0.029519134457591835;{'subsample': 0.6, 'n_estimators': 300, 'min_samples_split': 10, 'min_samples_leaf': 5, 'max_features': 0.5, 'max_depth': 2, 'loss': 'absolute_error', 'learning_rate': 0.2};;;;
Gradient Boosting Regressor;GradientBoostingRegressor;46;0.9901962905319032;0.00121139687052686;0.7713261832128134;0.036964382483455634;{'subsample': 1.0, 'n_estimators': 100, 'min_samples_split': 20, 'min_samples_leaf': 10, 'max_features': 'sqrt', 'max_depth': 4, 'loss': 'squared_error', 'learning_rate': 0.25};;;;
Gradient Boosting Regressor;GradientBoostingRegressor;47;0.9720300661255517;0.0006062146609419002;0.7711071656064519;0.035196054763243896;{'subsample': 0.75, 'n_estimators': 200, 'min_samples_split': 2, 'min_samples_leaf': 5, 'max_features': 0.75, 'max_depth': 5, 'loss': 'absolute_error', 'learning_rate': 0.25};;;;
Gradient Boosting Regressor;GradientBoostingRegressor;48;0.9445714789026101;0.0033156639421941083;0.7694591254161065;0.03209589572488206;{'subsample': 0.85, 'n_estimators': 300, 'min_samples_split': 10, 'min_samples_leaf': 10, 'max_features': 'sqrt', 'max_depth': 3, 'loss': 'squared_error', 'learning_rate': 0.05};;;;
Gradient Boosting Regressor;GradientBoostingRegressor;49;0.995026591851345;0.0016446891043972818;0.7691439621462722;0.040269554984498586;{'subsample': 0.85, 'n_estimators': 300, 'min_samples_split': 20, 'min_samples_leaf': 10, 'max_features': 0.75, 'max_depth': 2, 'loss': 'huber', 'learning_rate': 0.6};;;;
Gradient Boosting Regressor;GradientBoostingRegressor;50;0.9329684539643882;0.009878339852747576;0.7684799082711701;0.03361139339405736;{'subsample': 0.85, 'n_estimators': 300, 'min_samples_split': 2, 'min_samples_leaf': 20, 'max_features': 0.75, 'max_depth': 3, 'loss': 'absolute_error', 'learning_rate': 0.25};;;;
Gradient Boosting Regressor;GradientBoostingRegressor;51;0.8991253240693267;0.003680067791531525;0.7659456711742441;0.0314387228902909;{'subsample': 1.0, 'n_estimators': 100, 'min_samples_split': 2, 'min_samples_leaf': 1, 'max_features': 0.75, 'max_depth': 2, 'loss': 'huber', 'learning_rate': 0.1};;;;
Gradient Boosting Regressor;GradientBoostingRegressor;52;0.9049285766559118;0.004269965988396479;0.7644788959262552;0.019302390527072926;{'subsample': 1.0, 'n_estimators': 400, 'min_samples_split': 20, 'min_samples_leaf': 3, 'max_features': 0.5, 'max_depth': 2, 'loss': 'absolute_error', 'learning_rate': 0.25};;;;
Gradient Boosting Regressor;GradientBoostingRegressor;53;0.9999999993173114;2.489941364227713e-10;0.7594360666869899;0.049583909487311256;{'subsample': 0.75, 'n_estimators': 400, 'min_samples_split': 20, 'min_samples_leaf': 1, 'max_features': 0.75, 'max_depth': 4, 'loss': 'squared_error', 'learning_rate': 0.4};;;;
Gradient Boosting Regressor;GradientBoostingRegressor;54;0.9319149039444532;0.009480047842791774;0.7554892624430679;0.025889439524001315;{'subsample': 0.75, 'n_estimators': 200, 'min_samples_split': 5, 'min_samples_leaf': 3, 'max_features': 'sqrt', 'max_depth': 4, 'loss': 'absolute_error', 'learning_rate': 0.12};;;;
Gradient Boosting Regressor;GradientBoostingRegressor;55;0.8804466176500376;0.0077791917606497485;0.7544988832306082;0.03452246915932743;{'subsample': 1.0, 'n_estimators': 200, 'min_samples_split': 5, 'min_samples_leaf': 20, 'max_features': 0.5, 'max_depth': 2, 'loss': 'squared_error', 'learning_rate': 0.05};;;;
Gradient Boosting Regressor;GradientBoostingRegressor;56;0.9063372785373378;0.006846964215934737;0.7496712993741041;0.03401292974339668;{'subsample': 1.0, 'n_estimators': 400, 'min_samples_split': 10, 'min_samples_leaf': 3, 'max_features': 'sqrt', 'max_depth': 3, 'loss': 'absolute_error', 'learning_rate': 0.1};;;;
Gradient Boosting Regressor;GradientBoostingRegressor;57;0.9094899746011957;0.004597253130957587;0.7482871256077849;0.04270688325109992;{'subsample': 1.0, 'n_estimators': 500, 'min_samples_split': 10, 'min_samples_leaf': 20, 'max_features': 'sqrt', 'max_depth': 1, 'loss': 'huber', 'learning_rate': 0.4};;;;
Gradient Boosting Regressor;GradientBoostingRegressor;58;0.8692120998496708;0.008382138352717476;0.746953252895094;0.04246885209042747;{'subsample': 0.75, 'n_estimators': 100, 'min_samples_split': 20, 'min_samples_leaf': 20, 'max_features': None, 'max_depth': 2, 'loss': 'absolute_error', 'learning_rate': 0.2};;;;
Gradient Boosting Regressor;GradientBoostingRegressor;59;0.9051598149352758;0.004449333659862112;0.7465599908020473;0.03706396455746729;{'subsample': 0.85, 'n_estimators': 400, 'min_samples_split': 2, 'min_samples_leaf': 5, 'max_features': None, 'max_depth': 1, 'loss': 'squared_error', 'learning_rate': 0.2};;;;
Gradient Boosting Regressor;GradientBoostingRegressor;60;0.999549925786835;0.0001722153055877246;0.7426461790790866;0.05298095432474258;{'subsample': 1.0, 'n_estimators': 400, 'min_samples_split': 10, 'min_samples_leaf': 3, 'max_features': 0.5, 'max_depth': 5, 'loss': 'huber', 'learning_rate': 0.4};;;;
Gradient Boosting Regressor;GradientBoostingRegressor;61;0.9999996051859084;8.401143571745836e-08;0.7423325083426491;0.048711888664197775;{'subsample': 1.0, 'n_estimators': 100, 'min_samples_split': 2, 'min_samples_leaf': 1, 'max_features': 0.5, 'max_depth': 5, 'loss': 'squared_error', 'learning_rate': 0.4};;;;
Gradient Boosting Regressor;GradientBoostingRegressor;62;0.9135639770352952;0.004349149757971736;0.7414877435623837;0.045184932227712075;{'subsample': 0.75, 'n_estimators': 500, 'min_samples_split': 10, 'min_samples_leaf': 3, 'max_features': 0.75, 'max_depth': 1, 'loss': 'huber', 'learning_rate': 0.2};;;;
Gradient Boosting Regressor;GradientBoostingRegressor;63;0.9093117656052995;0.008821315142507927;0.7405207027581379;0.05217154133071526;{'subsample': 0.6, 'n_estimators': 400, 'min_samples_split': 2, 'min_samples_leaf': 20, 'max_features': 'sqrt', 'max_depth': 3, 'loss': 'absolute_error', 'learning_rate': 0.2};;;;
Gradient Boosting Regressor;GradientBoostingRegressor;64;0.8497151622004624;0.007893284555537491;0.737276897923503;0.044820217926736225;{'subsample': 0.75, 'n_estimators': 500, 'min_samples_split': 20, 'min_samples_leaf': 20, 'max_features': None, 'max_depth': 1, 'loss': 'huber', 'learning_rate': 0.07};;;;
Gradient Boosting Regressor;GradientBoostingRegressor;65;0.9029270281919708;0.00460545365691695;0.7331590588011071;0.03523148125979617;{'subsample': 0.85, 'n_estimators': 200, 'min_samples_split': 5, 'min_samples_leaf': 10, 'max_features': None, 'max_depth': 1, 'loss': 'squared_error', 'learning_rate': 0.4};;;;
Gradient Boosting Regressor;GradientBoostingRegressor;66;0.9432848401906707;0.0038544732187382473;0.7313932962759527;0.037922021871934525;{'subsample': 0.75, 'n_estimators': 100, 'min_samples_split': 10, 'min_samples_leaf': 10, 'max_features': None, 'max_depth': 3, 'loss': 'absolute_error', 'learning_rate': 0.6};;;;
Gradient Boosting Regressor;GradientBoostingRegressor;67;0.8690821014600598;0.010232559936844743;0.7247301350873563;0.016705040350264107;{'subsample': 1.0, 'n_estimators': 100, 'min_samples_split': 10, 'min_samples_leaf': 3, 'max_features': 0.5, 'max_depth': 2, 'loss': 'absolute_error', 'learning_rate': 0.2};;;;
Gradient Boosting Regressor;GradientBoostingRegressor;68;0.8355948725235249;0.006820844700397196;0.7241362089545282;0.031820263170207225;{'subsample': 0.6, 'n_estimators': 500, 'min_samples_split': 10, 'min_samples_leaf': 5, 'max_features': 0.5, 'max_depth': 1, 'loss': 'squared_error', 'learning_rate': 0.05};;;;
Gradient Boosting Regressor;GradientBoostingRegressor;69;0.9992711767973506;9.22973342400775e-05;0.7199195266044821;0.051977751798874455;{'subsample': 0.75, 'n_estimators': 300, 'min_samples_split': 20, 'min_samples_leaf': 5, 'max_features': 'sqrt', 'max_depth': 3, 'loss': 'squared_error', 'learning_rate': 0.4};;;;
Gradient Boosting Regressor;GradientBoostingRegressor;70;0.8152050801398806;0.012925349435731873;0.7194297813096993;0.03312754247520139;{'subsample': 0.75, 'n_estimators': 500, 'min_samples_split': 20, 'min_samples_leaf': 1, 'max_features': None, 'max_depth': 1, 'loss': 'absolute_error', 'learning_rate': 0.12};;;;
Gradient Boosting Regressor;GradientBoostingRegressor;71;0.9996768078396311;0.00011478597327994495;0.7151724686536864;0.052714298934867926;{'subsample': 0.75, 'n_estimators': 300, 'min_samples_split': 10, 'min_samples_leaf': 20, 'max_features': 0.75, 'max_depth': 3, 'loss': 'squared_error', 'learning_rate': 0.6};;;;
Gradient Boosting Regressor;GradientBoostingRegressor;72;0.9630007155002538;0.006281403535268944;0.713929447540531;0.04763354532263619;{'subsample': 0.75, 'n_estimators': 500, 'min_samples_split': 2, 'min_samples_leaf': 20, 'max_features': None, 'max_depth': 4, 'loss': 'absolute_error', 'learning_rate': 0.6};;;;
Gradient Boosting Regressor;GradientBoostingRegressor;73;0.8351042094933806;0.0067383806779084;0.7104358573049832;0.032881841096957645;{'subsample': 1.0, 'n_estimators': 400, 'min_samples_split': 20, 'min_samples_leaf': 3, 'max_features': 'sqrt', 'max_depth': 1, 'loss': 'squared_error', 'learning_rate': 0.1};;;;
Gradient Boosting Regressor;GradientBoostingRegressor;74;0.9993104210162892;0.00024294762945382563;0.705726985820543;0.0416525274329777;{'subsample': 0.75, 'n_estimators': 200, 'min_samples_split': 10, 'min_samples_leaf': 1, 'max_features': 'sqrt', 'max_depth': 5, 'loss': 'huber', 'learning_rate': 0.25};;;;
Gradient Boosting Regressor;GradientBoostingRegressor;75;0.9533408320216695;0.006593316669635355;0.7043917879890611;0.039544310265511515;{'subsample': 0.75, 'n_estimators': 100, 'min_samples_split': 2, 'min_samples_leaf': 10, 'max_features': None, 'max_depth': 4, 'loss': 'absolute_error', 'learning_rate': 0.6};;;;
Gradient Boosting Regressor;GradientBoostingRegressor;76;0.8102833310506758;0.007706202471598067;0.7008303284283286;0.041106889421529874;{'subsample': 0.75, 'n_estimators': 200, 'min_samples_split': 10, 'min_samples_leaf': 3, 'max_features': 0.5, 'max_depth': 1, 'loss': 'huber', 'learning_rate': 0.1};;;;
Gradient Boosting Regressor;GradientBoostingRegressor;77;0.8085813589255016;0.008534259116943325;0.7005042826578008;0.04965534059161623;{'subsample': 1.0, 'n_estimators': 500, 'min_samples_split': 5, 'min_samples_leaf': 20, 'max_features': 0.5, 'max_depth': 1, 'loss': 'huber', 'learning_rate': 0.05};;;;
Gradient Boosting Regressor;GradientBoostingRegressor;78;0.8215733044168971;0.009318903575834687;0.6979513836243986;0.05730402217894339;{'subsample': 0.85, 'n_estimators': 300, 'min_samples_split': 5, 'min_samples_leaf': 1, 'max_features': 0.5, 'max_depth': 1, 'loss': 'absolute_error', 'learning_rate': 0.4};;;;
Gradient Boosting Regressor;GradientBoostingRegressor;79;0.8090599365980561;0.008147339759336129;0.6977748417824392;0.04047391647685122;{'subsample': 0.85, 'n_estimators': 300, 'min_samples_split': 10, 'min_samples_leaf': 10, 'max_features': 0.5, 'max_depth': 1, 'loss': 'huber', 'learning_rate': 0.07};;;;
Gradient Boosting Regressor;GradientBoostingRegressor;80;0.877415871285437;0.005183564160856951;0.6976238588824069;0.05093004034087415;{'subsample': 0.75, 'n_estimators': 100, 'min_samples_split': 5, 'min_samples_leaf': 10, 'max_features': None, 'max_depth': 1, 'loss': 'huber', 'learning_rate': 0.6};;;;
Gradient Boosting Regressor;GradientBoostingRegressor;81;0.9304925921604932;0.006742021066726935;0.6941036569482344;0.05837881796616603;{'subsample': 0.6, 'n_estimators': 200, 'min_samples_split': 10, 'min_samples_leaf': 5, 'max_features': 0.75, 'max_depth': 2, 'loss': 'absolute_error', 'learning_rate': 0.6};;;;
Gradient Boosting Regressor;GradientBoostingRegressor;82;0.9999999999998046;2.0046089289828498e-13;0.6880626965205148;0.03593050178668878;{'subsample': 0.75, 'n_estimators': 400, 'min_samples_split': 5, 'min_samples_leaf': 5, 'max_features': 0.75, 'max_depth': 4, 'loss': 'squared_error', 'learning_rate': 0.6};;;;
Gradient Boosting Regressor;GradientBoostingRegressor;83;0.7958205322953246;0.011194501349259624;0.6834893762252305;0.055078987254848076;{'subsample': 1.0, 'n_estimators': 300, 'min_samples_split': 20, 'min_samples_leaf': 3, 'max_features': 'sqrt', 'max_depth': 1, 'loss': 'absolute_error', 'learning_rate': 0.6};;;;
Gradient Boosting Regressor;GradientBoostingRegressor;84;0.798144422610833;0.008288564955459838;0.6833053775157384;0.045398381051812445;{'subsample': 1.0, 'n_estimators': 200, 'min_samples_split': 2, 'min_samples_leaf': 20, 'max_features': 'sqrt', 'max_depth': 1, 'loss': 'huber', 'learning_rate': 0.15};;;;
Gradient Boosting Regressor;GradientBoostingRegressor;85;0.8639727044290396;0.00568776489869784;0.6804328456763528;0.060228479044593906;{'subsample': 1.0, 'n_estimators': 100, 'min_samples_split': 10, 'min_samples_leaf': 10, 'max_features': 'sqrt', 'max_depth': 2, 'loss': 'absolute_error', 'learning_rate': 0.6};;;;
Gradient Boosting Regressor;GradientBoostingRegressor;86;0.9921375174508948;0.0009825781760004672;0.6789546091946255;0.031339964072738556;{'subsample': 1.0, 'n_estimators': 200, 'min_samples_split': 5, 'min_samples_leaf': 1, 'max_features': 'sqrt', 'max_depth': 2, 'loss': 'squared_error', 'learning_rate': 0.6};;;;
Gradient Boosting Regressor;GradientBoostingRegressor;87;0.7773724812105238;0.007294273773153661;0.6713372372390859;0.05752678688623898;{'subsample': 0.6, 'n_estimators': 100, 'min_samples_split': 2, 'min_samples_leaf': 20, 'max_features': 'sqrt', 'max_depth': 3, 'loss': 'absolute_error', 'learning_rate': 0.07};;;;
Gradient Boosting Regressor;GradientBoostingRegressor;88;0.9761605620277585;0.004546451289484907;0.6713278008502683;0.03866373292668652;{'subsample': 0.6, 'n_estimators': 400, 'min_samples_split': 10, 'min_samples_leaf': 10, 'max_features': 0.75, 'max_depth': 5, 'loss': 'absolute_error', 'learning_rate': 0.6};;;;
Gradient Boosting Regressor;GradientBoostingRegressor;89;0.995944908946384;0.0004987113974383615;0.6689915987309261;0.05002327132622428;{'subsample': 0.85, 'n_estimators': 500, 'min_samples_split': 2, 'min_samples_leaf': 10, 'max_features': 'sqrt', 'max_depth': 4, 'loss': 'huber', 'learning_rate': 0.6};;;;
Gradient Boosting Regressor;GradientBoostingRegressor;90;0.9991353492132555;0.00047001707456985933;0.6643723816015477;0.03588476350127944;{'subsample': 0.6, 'n_estimators': 500, 'min_samples_split': 2, 'min_samples_leaf': 5, 'max_features': 0.75, 'max_depth': 4, 'loss': 'huber', 'learning_rate': 0.6};;;;
Gradient Boosting Regressor;GradientBoostingRegressor;91;0.7382331531549949;0.013631839879899592;0.6592946410134883;0.04766678825915827;{'subsample': 0.85, 'n_estimators': 200, 'min_samples_split': 2, 'min_samples_leaf': 3, 'max_features': 0.5, 'max_depth': 1, 'loss': 'absolute_error', 'learning_rate': 0.1};;;;
Gradient Boosting Regressor;GradientBoostingRegressor;92;0.7298886816651274;0.016171710921928338;0.650371867791508;0.0435283871062177;{'subsample': 0.6, 'n_estimators': 300, 'min_samples_split': 20, 'min_samples_leaf': 1, 'max_features': 0.75, 'max_depth': 1, 'loss': 'absolute_error', 'learning_rate': 0.05};;;;
Gradient Boosting Regressor;GradientBoostingRegressor;93;0.738480172706304;0.008927805083586536;0.649318719531705;0.04723039841358745;{'subsample': 0.75, 'n_estimators': 300, 'min_samples_split': 10, 'min_samples_leaf': 20, 'max_features': 'sqrt', 'max_depth': 1, 'loss': 'squared_error', 'learning_rate': 0.05};;;;
Gradient Boosting Regressor;GradientBoostingRegressor;94;0.7364869451873958;0.009644060389760067;0.6418101616713188;0.04254671453471365;{'subsample': 0.6, 'n_estimators': 100, 'min_samples_split': 5, 'min_samples_leaf': 1, 'max_features': 0.5, 'max_depth': 1, 'loss': 'huber', 'learning_rate': 0.1};;;;
Gradient Boosting Regressor;GradientBoostingRegressor;95;0.9990115042792136;0.0001482832754741267;0.6316807639625661;0.033218334351310476;{'subsample': 0.75, 'n_estimators': 100, 'min_samples_split': 2, 'min_samples_leaf': 10, 'max_features': 'sqrt', 'max_depth': 5, 'loss': 'squared_error', 'learning_rate': 0.6};;;;
Gradient Boosting Regressor;GradientBoostingRegressor;96;0.7106246863807809;0.015508127630776573;0.6308181081721045;0.04838657200392762;{'subsample': 0.6, 'n_estimators': 400, 'min_samples_split': 20, 'min_samples_leaf': 20, 'max_features': 'sqrt', 'max_depth': 1, 'loss': 'absolute_error', 'learning_rate': 0.05};;;;
Gradient Boosting Regressor;GradientBoostingRegressor;97;0.9999999999943995;1.1115451336454333e-12;0.6092545497654237;0.09382863214899692;{'subsample': 0.75, 'n_estimators': 300, 'min_samples_split': 5, 'min_samples_leaf': 1, 'max_features': 0.5, 'max_depth': 4, 'loss': 'squared_error', 'learning_rate': 0.6};;;;
Gradient Boosting Regressor;GradientBoostingRegressor;98;0.6957528440553953;0.011875490998721094;0.605017546000465;0.03959872565974533;{'subsample': 0.6, 'n_estimators': 100, 'min_samples_split': 20, 'min_samples_leaf': 10, 'max_features': None, 'max_depth': 1, 'loss': 'squared_error', 'learning_rate': 0.07};;;;
Gradient Boosting Regressor;GradientBoostingRegressor;99;0.9849856248533323;0.0017834658525657143;0.5749939461729607;0.10446250577691969;{'subsample': 0.6, 'n_estimators': 200, 'min_samples_split': 5, 'min_samples_leaf': 1, 'max_features': 0.75, 'max_depth': 5, 'loss': 'absolute_error', 'learning_rate': 0.6};;;;
Gradient Boosting Regressor;GradientBoostingRegressor;100;0.6340708934552772;0.012827531648592055;0.5548725558944412;0.05917586323869133;{'subsample': 1.0, 'n_estimators': 100, 'min_samples_split': 5, 'min_samples_leaf': 1, 'max_features': None, 'max_depth': 1, 'loss': 'huber', 'learning_rate': 0.05};;;;
Hist Gradient Boosting Regressor;HistGradientBoostingRegressor;1;0.9796971970021868;0.0033006175886050922;0.8151849400249104;0.03853897247068884;{'validation_fraction': 0.1, 'n_iter_no_change': 20, 'min_samples_leaf': 15, 'max_leaf_nodes': 31, 'max_iter': 500, 'max_bins': 128, 'learning_rate': 0.1, 'l2_regularization': 0.001, 'early_stopping': True};0.5024851113653834;0.08365186547622011;0.11920847119884266;0.31269982865952695
Hist Gradient Boosting Regressor;HistGradientBoostingRegressor;2;0.9792591756877741;0.004104359063888747;0.8143413541360915;0.029406045279863995;{'validation_fraction': 0.1, 'n_iter_no_change': 30, 'min_samples_leaf': 15, 'max_leaf_nodes': 15, 'max_iter': 300, 'max_bins': 255, 'learning_rate': 0.2, 'l2_regularization': 0.01, 'early_stopping': True};0.5495923391222493;0.08181345387816488;0.11342452304892144;0.2647490150138423
Hist Gradient Boosting Regressor;HistGradientBoostingRegressor;3;0.9859688954525403;0.003571994844224056;0.8120006429784914;0.033634542961166705;{'validation_fraction': 0.05, 'n_iter_no_change': 30, 'min_samples_leaf': 10, 'max_leaf_nodes': 7, 'max_iter': 500, 'max_bins': 128, 'learning_rate': 0.15, 'l2_regularization': 0.001, 'early_stopping': True};0.5782821259655319;0.07885710444484771;0.1097526667913468;0.23371851701295954
Hist Gradient Boosting Regressor;HistGradientBoostingRegressor;4;0.9624513680446339;0.0021512707067555714;0.8116730341736964;0.03434813804538167;{'validation_fraction': 0.05, 'n_iter_no_change': 30, 'min_samples_leaf': 20, 'max_leaf_nodes': 7, 'max_iter': 100, 'max_bins': 128, 'learning_rate': 0.15, 'l2_regularization': 0.1, 'early_stopping': True};0.5013829378961356;0.08658375435496961;0.11934044285403454;0.31029009627756077
Hist Gradient Boosting Regressor;HistGradientBoostingRegressor;5;0.9657463172892877;0.008256158062494197;0.8108459644951168;0.03213576176267385;{'validation_fraction': 0.05, 'n_iter_no_change': 20, 'min_samples_leaf': 30, 'max_leaf_nodes': 63, 'max_iter': 300, 'max_bins': 255, 'learning_rate': 0.05, 'l2_regularization': 0.0, 'early_stopping': True};0.5197240496666791;0.08414084445705412;0.11712497127446429;0.29112191482843774
Hist Gradient Boosting Regressor;HistGradientBoostingRegressor;6;0.9770835166344556;0.0039070192817483185;0.8098982579007739;0.03403004741423796;{'validation_fraction': 0.05, 'n_iter_no_change': 10, 'min_samples_leaf': 20, 'max_leaf_nodes': 31, 'max_iter': 200, 'max_bins': 255, 'learning_rate': 0.07, 'l2_regularization': 0.001, 'early_stopping': True};0.5184787997673106;0.08386825193595313;0.11727671262420554;0.29141945813346326
Hist Gradient Boosting Regressor;HistGradientBoostingRegressor;7;0.9731420105398982;0.007829362690937341;0.8095840356533751;0.033938243289366773;{'validation_fraction': 0.1, 'n_iter_no_change': 30, 'min_samples_leaf': 15, 'max_leaf_nodes': 15, 'max_iter': 400, 'max_bins': 64, 'learning_rate': 0.05, 'l2_regularization': 0.0, 'early_stopping': True};0.5218378128084658;0.08442732877361245;0.11686694518464733;0.28774622284490936
Hist Gradient Boosting Regressor;HistGradientBoostingRegressor;8;0.9866433648235763;0.0050775412573858605;0.8088744791706635;0.027589431350902093;{'validation_fraction': 0.05, 'n_iter_no_change': 20, 'min_samples_leaf': 20, 'max_leaf_nodes': 15, 'max_iter': 200, 'max_bins': 128, 'learning_rate': 0.15, 'l2_regularization': 0.001, 'early_stopping': True};0.5422515772286227;0.08387571915830488;0.1143450860496164;0.26662290194204075
Hist Gradient Boosting Regressor;HistGradientBoostingRegressor;9;0.9798035470964812;0.009090004555745967;0.8076171830774281;0.043009989785971106;{'validation_fraction': 0.05, 'n_iter_no_change': 20, 'min_samples_leaf': 15, 'max_leaf_nodes': 15, 'max_iter': 400, 'max_bins': 128, 'learning_rate': 0.15, 'l2_regularization': 0.01, 'early_stopping': True};0.5348755835392042;0.08146085206961347;0.11526266227335218;0.27274159953822397
Hist Gradient Boosting Regressor;HistGradientBoostingRegressor;10;0.9735402772848805;0.005547692445156234;0.8071822494780314;0.029637768133027414;{'validation_fraction': 0.1, 'n_iter_no_change': 10, 'min_samples_leaf': 10, 'max_leaf_nodes': 15, 'max_iter': 100, 'max_bins': 128, 'learning_rate': 0.1, 'l2_regularization': 0.001, 'early_stopping': True};0.5112902225914995;0.08433504494170023;0.11814887516720818;0.29589202688653193
Hist Gradient Boosting Regressor;HistGradientBoostingRegressor;11;0.9760873872825802;0.0024799455449360207;0.8041913731730685;0.02453796865121443;{'validation_fraction': 0.1, 'n_iter_no_change': 20, 'min_samples_leaf': 5, 'max_leaf_nodes': 15, 'max_iter': 400, 'max_bins': 64, 'learning_rate': 0.2, 'l2_regularization': 1.0, 'early_stopping': True};;;;
Hist Gradient Boosting Regressor;HistGradientBoostingRegressor;12;0.9757082180899381;0.003239665127693101;0.8034339723393877;0.03478126630093353;{'validation_fraction': 0.1, 'n_iter_no_change': 20, 'min_samples_leaf': 10, 'max_leaf_nodes': 7, 'max_iter': 500, 'max_bins': 255, 'learning_rate': 0.15, 'l2_regularization': 0.001, 'early_stopping': True};;;;
Hist Gradient Boosting Regressor;HistGradientBoostingRegressor;13;0.9662681738714971;0.0024955574278072126;0.8020132793436089;0.03765520719277732;{'validation_fraction': 0.15, 'n_iter_no_change': 10, 'min_samples_leaf': 10, 'max_leaf_nodes': 15, 'max_iter': 500, 'max_bins': 255, 'learning_rate': 0.07, 'l2_regularization': 0.0, 'early_stopping': True};;;;
Hist Gradient Boosting Regressor;HistGradientBoostingRegressor;14;0.9637065614067882;0.005369552784054772;0.8006789647113706;0.03899788998580325;{'validation_fraction': 0.15, 'n_iter_no_change': 20, 'min_samples_leaf': 10, 'max_leaf_nodes': 7, 'max_iter': 500, 'max_bins': 64, 'learning_rate': 0.1, 'l2_regularization': 1.0, 'early_stopping': True};;;;
Hist Gradient Boosting Regressor;HistGradientBoostingRegressor;15;0.944640563585135;0.015901393364512687;0.7995215627872932;0.03875802328336648;{'validation_fraction': 0.15, 'n_iter_no_change': 10, 'min_samples_leaf': 20, 'max_leaf_nodes': 7, 'max_iter': 500, 'max_bins': 128, 'learning_rate': 0.05, 'l2_regularization': 0.0, 'early_stopping': True};;;;
Hist Gradient Boosting Regressor;HistGradientBoostingRegressor;16;0.986992902120198;0.004804497161658245;0.7991364345052332;0.03928758785089341;{'validation_fraction': 0.05, 'n_iter_no_change': 30, 'min_samples_leaf': 20, 'max_leaf_nodes': 15, 'max_iter': 300, 'max_bins': 255, 'learning_rate': 0.15, 'l2_regularization': 0.1, 'early_stopping': True};;;;
Hist Gradient Boosting Regressor;HistGradientBoostingRegressor;17;0.9427656764091671;0.0048641589760508525;0.7982605156594506;0.030957559326977413;{'validation_fraction': 0.25, 'n_iter_no_change': 30, 'min_samples_leaf': 20, 'max_leaf_nodes': 7, 'max_iter': 300, 'max_bins': 255, 'learning_rate': 0.12, 'l2_regularization': 0.0, 'early_stopping': True};;;;
Hist Gradient Boosting Regressor;HistGradientBoostingRegressor;18;0.972156994860843;0.014824913661999131;0.7978946628955645;0.03281088252008052;{'validation_fraction': 0.05, 'n_iter_no_change': 10, 'min_samples_leaf': 15, 'max_leaf_nodes': 63, 'max_iter': 200, 'max_bins': 255, 'learning_rate': 0.05, 'l2_regularization': 0.001, 'early_stopping': True};;;;
Hist Gradient Boosting Regressor;HistGradientBoostingRegressor;19;0.9567713036192746;0.004983510909563713;0.7966622436693047;0.03371167080328414;{'validation_fraction': 0.2, 'n_iter_no_change': 30, 'min_samples_leaf': 15, 'max_leaf_nodes': 31, 'max_iter': 100, 'max_bins': 64, 'learning_rate': 0.15, 'l2_regularization': 1.0, 'early_stopping': True};;;;
Hist Gradient Boosting Regressor;HistGradientBoostingRegressor;20;0.946501205927403;0.02173981887463519;0.7965068181228252;0.03365230102518534;{'validation_fraction': 0.1, 'n_iter_no_change': 10, 'min_samples_leaf': 30, 'max_leaf_nodes': 63, 'max_iter': 300, 'max_bins': 64, 'learning_rate': 0.1, 'l2_regularization': 0.001, 'early_stopping': True};;;;
Hist Gradient Boosting Regressor;HistGradientBoostingRegressor;21;0.9637021556865006;0.008291425004662394;0.7963401007032888;0.035784709535296826;{'validation_fraction': 0.1, 'n_iter_no_change': 20, 'min_samples_leaf': 30, 'max_leaf_nodes': 15, 'max_iter': 400, 'max_bins': 64, 'learning_rate': 0.15, 'l2_regularization': 1.0, 'early_stopping': True};;;;
Hist Gradient Boosting Regressor;HistGradientBoostingRegressor;22;0.9581548180713714;0.0047010340050226244;0.7950790260469223;0.02201062647638464;{'validation_fraction': 0.15, 'n_iter_no_change': 20, 'min_samples_leaf': 30, 'max_leaf_nodes': 63, 'max_iter': 300, 'max_bins': 64, 'learning_rate': 0.25, 'l2_regularization': 1.0, 'early_stopping': True};;;;
Hist Gradient Boosting Regressor;HistGradientBoostingRegressor;23;0.9652171350249276;0.0075063319253512025;0.7946830266139663;0.046277995804062416;{'validation_fraction': 0.15, 'n_iter_no_change': 10, 'min_samples_leaf': 10, 'max_leaf_nodes': 15, 'max_iter': 300, 'max_bins': 64, 'learning_rate': 0.1, 'l2_regularization': 0.0, 'early_stopping': True};;;;
Hist Gradient Boosting Regressor;HistGradientBoostingRegressor;24;0.9546499275478911;0.021650414183723748;0.7939894571806051;0.05364605269228422;{'validation_fraction': 0.05, 'n_iter_no_change': 20, 'min_samples_leaf': 15, 'max_leaf_nodes': 7, 'max_iter': 500, 'max_bins': 64, 'learning_rate': 0.12, 'l2_regularization': 0.001, 'early_stopping': True};;;;
Hist Gradient Boosting Regressor;HistGradientBoostingRegressor;25;0.9532357994457008;0.008431401367729033;0.793918853178164;0.03843919395081377;{'validation_fraction': 0.2, 'n_iter_no_change': 10, 'min_samples_leaf': 20, 'max_leaf_nodes': 15, 'max_iter': 400, 'max_bins': 128, 'learning_rate': 0.12, 'l2_regularization': 0.0, 'early_stopping': True};;;;
Hist Gradient Boosting Regressor;HistGradientBoostingRegressor;26;0.9592225969473894;0.01967113053852174;0.7937731735000645;0.04173977786660734;{'validation_fraction': 0.05, 'n_iter_no_change': 10, 'min_samples_leaf': 20, 'max_leaf_nodes': 7, 'max_iter': 200, 'max_bins': 64, 'learning_rate': 0.4, 'l2_regularization': 0.1, 'early_stopping': True};;;;
Hist Gradient Boosting Regressor;HistGradientBoostingRegressor;27;0.9583682015439594;0.022514626596829068;0.7930143094885225;0.05053266385447093;{'validation_fraction': 0.05, 'n_iter_no_change': 20, 'min_samples_leaf': 10, 'max_leaf_nodes': 7, 'max_iter': 200, 'max_bins': 128, 'learning_rate': 0.15, 'l2_regularization': 0.001, 'early_stopping': True};;;;
Hist Gradient Boosting Regressor;HistGradientBoostingRegressor;28;0.9415583968087322;0.015536126154525353;0.7919519675544819;0.01596374056344263;{'validation_fraction': 0.25, 'n_iter_no_change': 30, 'min_samples_leaf': 15, 'max_leaf_nodes': 31, 'max_iter': 100, 'max_bins': 64, 'learning_rate': 0.12, 'l2_regularization': 0.01, 'early_stopping': True};;;;
Hist Gradient Boosting Regressor;HistGradientBoostingRegressor;29;0.9657126637349563;0.00416013182585275;0.791792619150766;0.03977998826420172;{'validation_fraction': 0.15, 'n_iter_no_change': 20, 'min_samples_leaf': 15, 'max_leaf_nodes': 31, 'max_iter': 500, 'max_bins': 64, 'learning_rate': 0.05, 'l2_regularization': 0.01, 'early_stopping': True};;;;
Hist Gradient Boosting Regressor;HistGradientBoostingRegressor;30;0.9398618813451423;0.009097926161774081;0.7903579633488003;0.036352131795886;{'validation_fraction': 0.25, 'n_iter_no_change': 30, 'min_samples_leaf': 20, 'max_leaf_nodes': 15, 'max_iter': 400, 'max_bins': 128, 'learning_rate': 0.1, 'l2_regularization': 0.0, 'early_stopping': True};;;;
Hist Gradient Boosting Regressor;HistGradientBoostingRegressor;31;0.955236065593328;0.01247081699669507;0.7901279941724595;0.02810840751199097;{'validation_fraction': 0.2, 'n_iter_no_change': 20, 'min_samples_leaf': 5, 'max_leaf_nodes': 15, 'max_iter': 500, 'max_bins': 255, 'learning_rate': 0.15, 'l2_regularization': 1.0, 'early_stopping': True};;;;
Hist Gradient Boosting Regressor;HistGradientBoostingRegressor;32;0.9558237527729162;0.015983827277918042;0.7898818896887104;0.034008133501053396;{'validation_fraction': 0.05, 'n_iter_no_change': 10, 'min_samples_leaf': 15, 'max_leaf_nodes': 7, 'max_iter': 100, 'max_bins': 255, 'learning_rate': 0.12, 'l2_regularization': 0.01, 'early_stopping': True};;;;
Hist Gradient Boosting Regressor;HistGradientBoostingRegressor;33;0.9869680906523847;0.002252749715161711;0.789818510583545;0.041928605875594924;{'validation_fraction': 0.05, 'n_iter_no_change': 10, 'min_samples_leaf': 10, 'max_leaf_nodes': 31, 'max_iter': 300, 'max_bins': 128, 'learning_rate': 0.2, 'l2_regularization': 0.1, 'early_stopping': True};;;;
Hist Gradient Boosting Regressor;HistGradientBoostingRegressor;34;0.973289838609231;0.008508417921989952;0.7896238931420727;0.036920598661514384;{'validation_fraction': 0.1, 'n_iter_no_change': 20, 'min_samples_leaf': 30, 'max_leaf_nodes': 15, 'max_iter': 400, 'max_bins': 128, 'learning_rate': 0.2, 'l2_regularization': 1.0, 'early_stopping': True};;;;
Hist Gradient Boosting Regressor;HistGradientBoostingRegressor;35;0.9603970865435072;0.009142530871635243;0.7892611072623563;0.03248947594073087;{'validation_fraction': 0.15, 'n_iter_no_change': 10, 'min_samples_leaf': 10, 'max_leaf_nodes': 31, 'max_iter': 500, 'max_bins': 128, 'learning_rate': 0.1, 'l2_regularization': 0.1, 'early_stopping': True};;;;
Hist Gradient Boosting Regressor;HistGradientBoostingRegressor;36;0.9587454967119383;0.005919763480396221;0.7891633660513238;0.03858704867768797;{'validation_fraction': 0.2, 'n_iter_no_change': 20, 'min_samples_leaf': 20, 'max_leaf_nodes': 31, 'max_iter': 300, 'max_bins': 255, 'learning_rate': 0.15, 'l2_regularization': 0.001, 'early_stopping': True};;;;
Hist Gradient Boosting Regressor;HistGradientBoostingRegressor;37;0.9686775626664712;0.012210384926339584;0.7880379268807707;0.047256302889415985;{'validation_fraction': 0.05, 'n_iter_no_change': 10, 'min_samples_leaf': 30, 'max_leaf_nodes': 31, 'max_iter': 400, 'max_bins': 255, 'learning_rate': 0.25, 'l2_regularization': 1.0, 'early_stopping': True};;;;
Hist Gradient Boosting Regressor;HistGradientBoostingRegressor;38;0.947878395372487;0.012405877816941406;0.7878858237590219;0.032839665411273186;{'validation_fraction': 0.1, 'n_iter_no_change': 10, 'min_samples_leaf': 30, 'max_leaf_nodes': 31, 'max_iter': 300, 'max_bins': 64, 'learning_rate': 0.07, 'l2_regularization': 0.0, 'early_stopping': True};;;;
Hist Gradient Boosting Regressor;HistGradientBoostingRegressor;39;0.9618765141459706;0.006887574531075594;0.7852385933516433;0.03108501757032477;{'validation_fraction': 0.15, 'n_iter_no_change': 10, 'min_samples_leaf': 15, 'max_leaf_nodes': 63, 'max_iter': 500, 'max_bins': 64, 'learning_rate': 0.15, 'l2_regularization': 0.0, 'early_stopping': True};;;;
Hist Gradient Boosting Regressor;HistGradientBoostingRegressor;40;0.9780829295807614;0.0020682098484214855;0.7848406377816712;0.033342846592155743;{'validation_fraction': 0.1, 'n_iter_no_change': 10, 'min_samples_leaf': 5, 'max_leaf_nodes': 31, 'max_iter': 400, 'max_bins': 128, 'learning_rate': 0.15, 'l2_regularization': 1.0, 'early_stopping': True};;;;
Hist Gradient Boosting Regressor;HistGradientBoostingRegressor;41;0.9539921303909574;0.006213874099951231;0.7839835388243339;0.043158799158947374;{'validation_fraction': 0.2, 'n_iter_no_change': 10, 'min_samples_leaf': 10, 'max_leaf_nodes': 31, 'max_iter': 300, 'max_bins': 128, 'learning_rate': 0.15, 'l2_regularization': 0.01, 'early_stopping': True};;;;
Hist Gradient Boosting Regressor;HistGradientBoostingRegressor;42;0.9625810800997968;0.0075877330147513375;0.7823513628972216;0.0432225430336925;{'validation_fraction': 0.1, 'n_iter_no_change': 20, 'min_samples_leaf': 20, 'max_leaf_nodes': 7, 'max_iter': 100, 'max_bins': 64, 'learning_rate': 0.4, 'l2_regularization': 0.0, 'early_stopping': True};;;;
Hist Gradient Boosting Regressor;HistGradientBoostingRegressor;43;0.9445517172251507;0.008481483927685045;0.7821212426113531;0.043389349715919165;{'validation_fraction': 0.25, 'n_iter_no_change': 30, 'min_samples_leaf': 10, 'max_leaf_nodes': 31, 'max_iter': 500, 'max_bins': 128, 'learning_rate': 0.25, 'l2_regularization': 0.01, 'early_stopping': True};;;;
Hist Gradient Boosting Regressor;HistGradientBoostingRegressor;44;0.9909098727031639;0.002738412507073597;0.7819885559750551;0.03659289319468119;{'validation_fraction': 0.05, 'n_iter_no_change': 20, 'min_samples_leaf': 5, 'max_leaf_nodes': 31, 'max_iter': 500, 'max_bins': 255, 'learning_rate': 0.1, 'l2_regularization': 0.01, 'early_stopping': True};;;;
Hist Gradient Boosting Regressor;HistGradientBoostingRegressor;45;0.961847440460252;0.006276644924049404;0.7814340600234981;0.036054378630389426;{'validation_fraction': 0.15, 'n_iter_no_change': 10, 'min_samples_leaf': 10, 'max_leaf_nodes': 15, 'max_iter': 100, 'max_bins': 128, 'learning_rate': 0.2, 'l2_regularization': 0.001, 'early_stopping': True};;;;
Hist Gradient Boosting Regressor;HistGradientBoostingRegressor;46;0.9571498230360401;0.005384238922175375;0.7808904081181314;0.036772129718646906;{'validation_fraction': 0.2, 'n_iter_no_change': 30, 'min_samples_leaf': 10, 'max_leaf_nodes': 15, 'max_iter': 400, 'max_bins': 64, 'learning_rate': 0.12, 'l2_regularization': 0.1, 'early_stopping': True};;;;
Hist Gradient Boosting Regressor;HistGradientBoostingRegressor;47;0.9330563009861754;0.010900471103971049;0.7802315921409788;0.037181130332702525;{'validation_fraction': 0.2, 'n_iter_no_change': 10, 'min_samples_leaf': 20, 'max_leaf_nodes': 7, 'max_iter': 300, 'max_bins': 64, 'learning_rate': 0.2, 'l2_regularization': 0.001, 'early_stopping': True};;;;
Hist Gradient Boosting Regressor;HistGradientBoostingRegressor;48;0.9395813773671737;0.003410228422777557;0.7797127304788535;0.03132640640553721;{'validation_fraction': 0.25, 'n_iter_no_change': 20, 'min_samples_leaf': 10, 'max_leaf_nodes': 7, 'max_iter': 300, 'max_bins': 64, 'learning_rate': 0.25, 'l2_regularization': 1.0, 'early_stopping': True};;;;
Hist Gradient Boosting Regressor;HistGradientBoostingRegressor;49;0.9802602682123412;0.006046946417750637;0.7773489720162925;0.040605435806135924;{'validation_fraction': 0.05, 'n_iter_no_change': 10, 'min_samples_leaf': 15, 'max_leaf_nodes': 63, 'max_iter': 300, 'max_bins': 128, 'learning_rate': 0.4, 'l2_regularization': 0.01, 'early_stopping': True};;;;
Hist Gradient Boosting Regressor;HistGradientBoostingRegressor;50;0.9451872143307736;0.010844845862242115;0.7771245732361898;0.03697786767896526;{'validation_fraction': 0.1, 'n_iter_no_change': 10, 'min_samples_leaf': 30, 'max_leaf_nodes': 7, 'max_iter': 500, 'max_bins': 64, 'learning_rate': 0.25, 'l2_regularization': 1.0, 'early_stopping': True};;;;
Hist Gradient Boosting Regressor;HistGradientBoostingRegressor;51;0.9353387240419095;0.0054652946321391924;0.7768526310169205;0.03168540276631036;{'validation_fraction': 0.25, 'n_iter_no_change': 20, 'min_samples_leaf': 30, 'max_leaf_nodes': 63, 'max_iter': 300, 'max_bins': 128, 'learning_rate': 0.1, 'l2_regularization': 0.0, 'early_stopping': True};;;;
Hist Gradient Boosting Regressor;HistGradientBoostingRegressor;52;0.9466392298628901;0.007351210906875812;0.7757814820127195;0.04308142523710273;{'validation_fraction': 0.25, 'n_iter_no_change': 20, 'min_samples_leaf': 10, 'max_leaf_nodes': 15, 'max_iter': 300, 'max_bins': 128, 'learning_rate': 0.07, 'l2_regularization': 0.1, 'early_stopping': True};;;;
Hist Gradient Boosting Regressor;HistGradientBoostingRegressor;53;0.9186547942326406;0.008138569383830015;0.7731802043456819;0.039229643975224306;{'validation_fraction': 0.25, 'n_iter_no_change': 20, 'min_samples_leaf': 20, 'max_leaf_nodes': 63, 'max_iter': 100, 'max_bins': 64, 'learning_rate': 0.07, 'l2_regularization': 1.0, 'early_stopping': True};;;;
Hist Gradient Boosting Regressor;HistGradientBoostingRegressor;54;0.9559403937809329;0.004819542607788066;0.7721166135477475;0.03890294219338634;{'validation_fraction': 0.2, 'n_iter_no_change': 30, 'min_samples_leaf': 15, 'max_leaf_nodes': 7, 'max_iter': 500, 'max_bins': 128, 'learning_rate': 0.4, 'l2_regularization': 0.01, 'early_stopping': True};;;;
Hist Gradient Boosting Regressor;HistGradientBoostingRegressor;55;0.9453115728992139;0.00681031845186702;0.7721100665541674;0.043287583285725954;{'validation_fraction': 0.2, 'n_iter_no_change': 20, 'min_samples_leaf': 20, 'max_leaf_nodes': 7, 'max_iter': 400, 'max_bins': 128, 'learning_rate': 0.4, 'l2_regularization': 0.001, 'early_stopping': True};;;;
Hist Gradient Boosting Regressor;HistGradientBoostingRegressor;56;0.9399004308489761;0.006196021488689397;0.7714703160434805;0.03941693270252028;{'validation_fraction': 0.25, 'n_iter_no_change': 20, 'min_samples_leaf': 20, 'max_leaf_nodes': 31, 'max_iter': 200, 'max_bins': 64, 'learning_rate': 0.2, 'l2_regularization': 1.0, 'early_stopping': True};;;;
Hist Gradient Boosting Regressor;HistGradientBoostingRegressor;57;0.97247841231168;0.0034781409128608193;0.7713016531333696;0.02715506641558493;{'validation_fraction': 0.1, 'n_iter_no_change': 20, 'min_samples_leaf': 10, 'max_leaf_nodes': 63, 'max_iter': 300, 'max_bins': 128, 'learning_rate': 0.25, 'l2_regularization': 0.01, 'early_stopping': True};;;;
Hist Gradient Boosting Regressor;HistGradientBoostingRegressor;58;0.9363200032119916;0.007586735396853522;0.7710097733886153;0.03818520941315168;{'validation_fraction': 0.25, 'n_iter_no_change': 30, 'min_samples_leaf': 15, 'max_leaf_nodes': 63, 'max_iter': 100, 'max_bins': 255, 'learning_rate': 0.12, 'l2_regularization': 1.0, 'early_stopping': True};;;;
Hist Gradient Boosting Regressor;HistGradientBoostingRegressor;59;0.9420428564474979;0.009124640773544222;0.7701658709493773;0.030793265982747918;{'validation_fraction': 0.25, 'n_iter_no_change': 10, 'min_samples_leaf': 10, 'max_leaf_nodes': 31, 'max_iter': 300, 'max_bins': 64, 'learning_rate': 0.05, 'l2_regularization': 0.0, 'early_stopping': True};;;;
Hist Gradient Boosting Regressor;HistGradientBoostingRegressor;60;0.9646284989114042;0.00655586241371481;0.7695970421268736;0.030099630308614973;{'validation_fraction': 0.15, 'n_iter_no_change': 20, 'min_samples_leaf': 20, 'max_leaf_nodes': 63, 'max_iter': 200, 'max_bins': 255, 'learning_rate': 0.4, 'l2_regularization': 0.001, 'early_stopping': True};;;;
Hist Gradient Boosting Regressor;HistGradientBoostingRegressor;61;0.9452995194249338;0.005823865973929491;0.7662051518321666;0.034129694166372564;{'validation_fraction': 0.25, 'n_iter_no_change': 10, 'min_samples_leaf': 10, 'max_leaf_nodes': 31, 'max_iter': 200, 'max_bins': 128, 'learning_rate': 0.15, 'l2_regularization': 0.1, 'early_stopping': True};;;;
Hist Gradient Boosting Regressor;HistGradientBoostingRegressor;62;0.97553288354065;0.0029743460298483587;0.7651281671219095;0.03580030266872734;{'validation_fraction': 0.1, 'n_iter_no_change': 20, 'min_samples_leaf': 20, 'max_leaf_nodes': 63, 'max_iter': 400, 'max_bins': 128, 'learning_rate': 0.4, 'l2_regularization': 1.0, 'early_stopping': True};;;;
Hist Gradient Boosting Regressor;HistGradientBoostingRegressor;63;0.9045800605048872;0.005237714285272522;0.7617079618561291;0.05891084043309788;{'validation_fraction': 0.25, 'n_iter_no_change': 30, 'min_samples_leaf': 30, 'max_leaf_nodes': 63, 'max_iter': 100, 'max_bins': 64, 'learning_rate': 0.1, 'l2_regularization': 0.01, 'early_stopping': True};;;;
Hist Gradient Boosting Regressor;HistGradientBoostingRegressor;64;0.9822613907624154;0.004531729877104629;0.760031795150337;0.024995471295468495;{'validation_fraction': 0.05, 'n_iter_no_change': 30, 'min_samples_leaf': 30, 'max_leaf_nodes': 31, 'max_iter': 500, 'max_bins': 255, 'learning_rate': 0.4, 'l2_regularization': 0.0, 'early_stopping': True};;;;
Hist Gradient Boosting Regressor;HistGradientBoostingRegressor;65;0.935726544165771;0.011632543614813109;0.7586967002991349;0.02875833609414201;{'validation_fraction': 0.25, 'n_iter_no_change': 20, 'min_samples_leaf': 10, 'max_leaf_nodes': 31, 'max_iter': 100, 'max_bins': 255, 'learning_rate': 0.25, 'l2_regularization': 0.01, 'early_stopping': True};;;;
Hist Gradient Boosting Regressor;HistGradientBoostingRegressor;66;0.9540477221720615;0.0045741139451209376;0.7583181598965285;0.03281824895487035;{'validation_fraction': 0.2, 'n_iter_no_change': 30, 'min_samples_leaf': 10, 'max_leaf_nodes': 31, 'max_iter': 100, 'max_bins': 128, 'learning_rate': 0.25, 'l2_regularization': 0.1, 'early_stopping': True};;;;
Hist Gradient Boosting Regressor;HistGradientBoostingRegressor;67;0.9611617587178116;0.007155140438199313;0.7577137377991938;0.040813174875334306;{'validation_fraction': 0.15, 'n_iter_no_change': 30, 'min_samples_leaf': 5, 'max_leaf_nodes': 63, 'max_iter': 300, 'max_bins': 128, 'learning_rate': 0.05, 'l2_regularization': 0.1, 'early_stopping': True};;;;
Hist Gradient Boosting Regressor;HistGradientBoostingRegressor;68;0.9863704187903621;0.0027166861405595534;0.753578209196764;0.050880688727030256;{'validation_fraction': 0.05, 'n_iter_no_change': 30, 'min_samples_leaf': 5, 'max_leaf_nodes': 63, 'max_iter': 500, 'max_bins': 255, 'learning_rate': 0.15, 'l2_regularization': 0.001, 'early_stopping': True};;;;
Hist Gradient Boosting Regressor;HistGradientBoostingRegressor;69;0.9465489452717251;0.015498938692259103;0.7534787642992876;0.05727120754845002;{'validation_fraction': 0.15, 'n_iter_no_change': 10, 'min_samples_leaf': 30, 'max_leaf_nodes': 15, 'max_iter': 400, 'max_bins': 64, 'learning_rate': 0.4, 'l2_regularization': 0.01, 'early_stopping': True};;;;
Hist Gradient Boosting Regressor;HistGradientBoostingRegressor;70;0.9862813849737264;0.004719914644606539;0.7520559176007657;0.028975543377717364;{'validation_fraction': 0.05, 'n_iter_no_change': 30, 'min_samples_leaf': 5, 'max_leaf_nodes': 63, 'max_iter': 300, 'max_bins': 128, 'learning_rate': 0.1, 'l2_regularization': 1.0, 'early_stopping': True};;;;
Hist Gradient Boosting Regressor;HistGradientBoostingRegressor;71;0.9274279316275853;0.010393713040524255;0.7428101839995191;0.04836062023260476;{'validation_fraction': 0.25, 'n_iter_no_change': 10, 'min_samples_leaf': 5, 'max_leaf_nodes': 63, 'max_iter': 400, 'max_bins': 255, 'learning_rate': 0.12, 'l2_regularization': 1.0, 'early_stopping': True};;;;
Hist Gradient Boosting Regressor;HistGradientBoostingRegressor;72;0.9600405915901844;0.005478158817623351;0.7427845182545658;0.03783256661436482;{'validation_fraction': 0.15, 'n_iter_no_change': 10, 'min_samples_leaf': 5, 'max_leaf_nodes': 63, 'max_iter': 200, 'max_bins': 64, 'learning_rate': 0.12, 'l2_regularization': 1.0, 'early_stopping': True};;;;
Hist Gradient Boosting Regressor;HistGradientBoostingRegressor;73;0.9765101658471493;0.005012426750312614;0.7352307118419864;0.05419638999623904;{'validation_fraction': 0.1, 'n_iter_no_change': 30, 'min_samples_leaf': 15, 'max_leaf_nodes': 63, 'max_iter': 100, 'max_bins': 128, 'learning_rate': 0.4, 'l2_regularization': 0.1, 'early_stopping': True};;;;
Hist Gradient Boosting Regressor;HistGradientBoostingRegressor;74;0.9765265553188991;0.009784048138909382;0.7345394056097704;0.049499961373031004;{'validation_fraction': 0.05, 'n_iter_no_change': 10, 'min_samples_leaf': 15, 'max_leaf_nodes': 15, 'max_iter': 500, 'max_bins': 255, 'learning_rate': 0.6, 'l2_regularization': 0.001, 'early_stopping': True};;;;
Hist Gradient Boosting Regressor;HistGradientBoostingRegressor;75;0.9434044317599636;0.007387189228463287;0.7275672775080435;0.05141530718000782;{'validation_fraction': 0.2, 'n_iter_no_change': 20, 'min_samples_leaf': 5, 'max_leaf_nodes': 31, 'max_iter': 200, 'max_bins': 128, 'learning_rate': 0.4, 'l2_regularization': 1.0, 'early_stopping': True};;;;
Hist Gradient Boosting Regressor;HistGradientBoostingRegressor;76;0.9393898289781186;0.015312513535670631;0.7241716149448569;0.05281001194109148;{'validation_fraction': 0.2, 'n_iter_no_change': 20, 'min_samples_leaf': 5, 'max_leaf_nodes': 31, 'max_iter': 500, 'max_bins': 128, 'learning_rate': 0.4, 'l2_regularization': 0.01, 'early_stopping': True};;;;
Hist Gradient Boosting Regressor;HistGradientBoostingRegressor;77;0.939692382113001;0.011783591129350998;0.7241023909365852;0.04970481708905292;{'validation_fraction': 0.2, 'n_iter_no_change': 30, 'min_samples_leaf': 30, 'max_leaf_nodes': 7, 'max_iter': 100, 'max_bins': 255, 'learning_rate': 0.6, 'l2_regularization': 0.1, 'early_stopping': True};;;;
Hist Gradient Boosting Regressor;HistGradientBoostingRegressor;78;0.9169951276380688;0.017013682961765433;0.7203473424350543;0.05931574506222657;{'validation_fraction': 0.2, 'n_iter_no_change': 10, 'min_samples_leaf': 5, 'max_leaf_nodes': 7, 'max_iter': 500, 'max_bins': 255, 'learning_rate': 0.6, 'l2_regularization': 0.1, 'early_stopping': True};;;;
Hist Gradient Boosting Regressor;HistGradientBoostingRegressor;79;0.9282760358396906;0.007963519247481171;0.7190774446504177;0.05809117078410878;{'validation_fraction': 0.25, 'n_iter_no_change': 20, 'min_samples_leaf': 20, 'max_leaf_nodes': 7, 'max_iter': 300, 'max_bins': 255, 'learning_rate': 0.6, 'l2_regularization': 0.001, 'early_stopping': True};;;;
Hist Gradient Boosting Regressor;HistGradientBoostingRegressor;80;0.9606198071376697;0.004985667911898609;0.7099730793292606;0.045000595420904475;{'validation_fraction': 0.15, 'n_iter_no_change': 10, 'min_samples_leaf': 5, 'max_leaf_nodes': 63, 'max_iter': 100, 'max_bins': 64, 'learning_rate': 0.2, 'l2_regularization': 0.01, 'early_stopping': True};;;;
Hist Gradient Boosting Regressor;HistGradientBoostingRegressor;81;0.9420997321429333;0.009368343531572546;0.708691748169654;0.03979404494201168;{'validation_fraction': 0.2, 'n_iter_no_change': 20, 'min_samples_leaf': 5, 'max_leaf_nodes': 31, 'max_iter': 200, 'max_bins': 64, 'learning_rate': 0.4, 'l2_regularization': 0.01, 'early_stopping': True};;;;
Hist Gradient Boosting Regressor;HistGradientBoostingRegressor;82;0.953177483702874;0.006747817001861165;0.7081862964948564;0.0407724395913517;{'validation_fraction': 0.15, 'n_iter_no_change': 10, 'min_samples_leaf': 20, 'max_leaf_nodes': 31, 'max_iter': 500, 'max_bins': 255, 'learning_rate': 0.6, 'l2_regularization': 0.0, 'early_stopping': True};;;;
Hist Gradient Boosting Regressor;HistGradientBoostingRegressor;83;0.9219590520256384;0.00991934343438109;0.7048039820011949;0.05841755206000124;{'validation_fraction': 0.25, 'n_iter_no_change': 20, 'min_samples_leaf': 10, 'max_leaf_nodes': 7, 'max_iter': 200, 'max_bins': 64, 'learning_rate': 0.6, 'l2_regularization': 0.01, 'early_stopping': True};;;;
Hist Gradient Boosting Regressor;HistGradientBoostingRegressor;84;0.9625846144590835;0.01055734737047426;0.6985389477331363;0.03348342472361799;{'validation_fraction': 0.1, 'n_iter_no_change': 20, 'min_samples_leaf': 5, 'max_leaf_nodes': 15, 'max_iter': 400, 'max_bins': 255, 'learning_rate': 0.6, 'l2_regularization': 0.01, 'early_stopping': True};;;;
Hist Gradient Boosting Regressor;HistGradientBoostingRegressor;85;0.979545037452004;0.00635291074423597;0.6947151157928728;0.0646684123651701;{'validation_fraction': 0.05, 'n_iter_no_change': 10, 'min_samples_leaf': 10, 'max_leaf_nodes': 31, 'max_iter': 400, 'max_bins': 64, 'learning_rate': 0.6, 'l2_regularization': 0.0, 'early_stopping': True};;;;
Hist Gradient Boosting Regressor;HistGradientBoostingRegressor;86;0.9397628102400084;0.015800835952842346;0.6939374970034086;0.05557714832289437;{'validation_fraction': 0.2, 'n_iter_no_change': 30, 'min_samples_leaf': 10, 'max_leaf_nodes': 31, 'max_iter': 200, 'max_bins': 255, 'learning_rate': 0.6, 'l2_regularization': 0.001, 'early_stopping': True};;;;
Hist Gradient Boosting Regressor;HistGradientBoostingRegressor;87;0.9220237871137622;0.010683505156626184;0.6823135800042701;0.03802772468201064;{'validation_fraction': 0.15, 'n_iter_no_change': 10, 'min_samples_leaf': 20, 'max_leaf_nodes': 7, 'max_iter': 100, 'max_bins': 64, 'learning_rate': 0.8, 'l2_regularization': 1.0, 'early_stopping': True};;;;
Hist Gradient Boosting Regressor;HistGradientBoostingRegressor;88;0.9816582421715143;0.00432239366928727;0.6758539554884806;0.06054920775601562;{'validation_fraction': 0.05, 'n_iter_no_change': 30, 'min_samples_leaf': 15, 'max_leaf_nodes': 63, 'max_iter': 400, 'max_bins': 128, 'learning_rate': 0.8, 'l2_regularization': 1.0, 'early_stopping': True};;;;
Hist Gradient Boosting Regressor;HistGradientBoostingRegressor;89;0.9736446340058368;0.005135742639917145;0.6714927628259123;0.05921409346021092;{'validation_fraction': 0.05, 'n_iter_no_change': 20, 'min_samples_leaf': 30, 'max_leaf_nodes': 63, 'max_iter': 200, 'max_bins': 64, 'learning_rate': 0.8, 'l2_regularization': 0.0, 'early_stopping': True};;;;
Hist Gradient Boosting Regressor;HistGradientBoostingRegressor;90;0.9029122355981402;0.02242763907266354;0.6687709433868867;0.04129224891900994;{'validation_fraction': 0.2, 'n_iter_no_change': 10, 'min_samples_leaf': 30, 'max_leaf_nodes': 63, 'max_iter': 200, 'max_bins': 255, 'learning_rate': 0.8, 'l2_regularization': 1.0, 'early_stopping': True};;;;
Hist Gradient Boosting Regressor;HistGradientBoostingRegressor;91;0.9255341609769963;0.024550020212637524;0.6677508811181078;0.05125705233812003;{'validation_fraction': 0.1, 'n_iter_no_change': 10, 'min_samples_leaf': 30, 'max_leaf_nodes': 7, 'max_iter': 200, 'max_bins': 64, 'learning_rate': 0.8, 'l2_regularization': 1.0, 'early_stopping': True};;;;
Hist Gradient Boosting Regressor;HistGradientBoostingRegressor;92;0.9212445204158645;0.01167047430508152;0.666267338136558;0.059727891820491694;{'validation_fraction': 0.25, 'n_iter_no_change': 10, 'min_samples_leaf': 5, 'max_leaf_nodes': 63, 'max_iter': 300, 'max_bins': 64, 'learning_rate': 0.6, 'l2_regularization': 0.1, 'early_stopping': True};;;;
Hist Gradient Boosting Regressor;HistGradientBoostingRegressor;93;0.9188408391469499;0.013077240992049072;0.6644265515668007;0.06590076367426981;{'validation_fraction': 0.2, 'n_iter_no_change': 10, 'min_samples_leaf': 15, 'max_leaf_nodes': 15, 'max_iter': 100, 'max_bins': 64, 'learning_rate': 0.8, 'l2_regularization': 0.01, 'early_stopping': True};;;;
Hist Gradient Boosting Regressor;HistGradientBoostingRegressor;94;0.9287583264493324;0.00816307730993911;0.6540863348011625;0.08630973325465197;{'validation_fraction': 0.2, 'n_iter_no_change': 30, 'min_samples_leaf': 5, 'max_leaf_nodes': 7, 'max_iter': 200, 'max_bins': 128, 'learning_rate': 0.8, 'l2_regularization': 0.001, 'early_stopping': True};;;;
Hist Gradient Boosting Regressor;HistGradientBoostingRegressor;95;0.9830814885556574;0.0040003676091591;0.6482967347542425;0.06720688769862497;{'validation_fraction': 0.05, 'n_iter_no_change': 30, 'min_samples_leaf': 20, 'max_leaf_nodes': 15, 'max_iter': 500, 'max_bins': 64, 'learning_rate': 0.8, 'l2_regularization': 0.1, 'early_stopping': True};;;;
Hist Gradient Boosting Regressor;HistGradientBoostingRegressor;96;0.9297033387188918;0.008924363380818296;0.6431645422749871;0.04252656374230234;{'validation_fraction': 0.2, 'n_iter_no_change': 10, 'min_samples_leaf': 20, 'max_leaf_nodes': 31, 'max_iter': 200, 'max_bins': 128, 'learning_rate': 0.8, 'l2_regularization': 0.001, 'early_stopping': True};;;;
Hist Gradient Boosting Regressor;HistGradientBoostingRegressor;97;0.9040530670716495;0.020765053514322656;0.6260565981577824;0.04568855583563701;{'validation_fraction': 0.25, 'n_iter_no_change': 30, 'min_samples_leaf': 5, 'max_leaf_nodes': 63, 'max_iter': 400, 'max_bins': 128, 'learning_rate': 0.8, 'l2_regularization': 1.0, 'early_stopping': True};;;;
Hist Gradient Boosting Regressor;HistGradientBoostingRegressor;98;0.9647967267476837;0.006588762335928239;0.6240875718840861;0.060071368701006975;{'validation_fraction': 0.1, 'n_iter_no_change': 30, 'min_samples_leaf': 20, 'max_leaf_nodes': 31, 'max_iter': 400, 'max_bins': 64, 'learning_rate': 0.8, 'l2_regularization': 0.0, 'early_stopping': True};;;;
Hist Gradient Boosting Regressor;HistGradientBoostingRegressor;99;0.9321077403447257;0.00868298723924659;0.6192475032530949;0.11458039362001708;{'validation_fraction': 0.2, 'n_iter_no_change': 20, 'min_samples_leaf': 10, 'max_leaf_nodes': 7, 'max_iter': 100, 'max_bins': 64, 'learning_rate': 0.8, 'l2_regularization': 0.01, 'early_stopping': True};;;;
Hist Gradient Boosting Regressor;HistGradientBoostingRegressor;100;0.934482490387001;0.011819778991542806;0.5609186091608477;0.07094706836911303;{'validation_fraction': 0.15, 'n_iter_no_change': 20, 'min_samples_leaf': 5, 'max_leaf_nodes': 63, 'max_iter': 500, 'max_bins': 64, 'learning_rate': 0.8, 'l2_regularization': 0.01, 'early_stopping': True};;;;
