municipio;quantidade
"350010 ADAMANTINA";2
"350030 AGUAI";1
"350050 AGUAS DE LINDOIA";1
"350070 AGUDOS";1
"350100 ALTINOPOLIS";1
"350110 ALTO ALEGRE";1
"350130 ALVARES MACHADO";1
"350160 AMERICANA";5
"350170 AMERICO BRASILIENSE";2
"350190 AMPARO";3
"350210 ANDRADINA";2
"350220 ANGATUBA";1
"350250 APARECIDA";1
"350260 APARECIDA D'OESTE";1
"350270 APIAI";1
"350280 ARACATUBA";6
"350290 ARACOIABA DA SERRA";1
"350310 ARANDU";1
"350320 ARARAQUARA";8
"350330 ARARAS";4
"350340 AREALVA";1
"350380 ARTUR NOGUEIRA";4
"350390 ARUJA";1
"350400 ASSIS";4
"350410 ATIBAIA";3
"350420 AURIFLAMA";1
"350450 AVARE";1
"350520 BARIRI";1
"350530 BARRA BONITA";1
"350550 BARRETOS";5
"350570 BARUERI";3
"350580 BASTOS";1
"350590 BATATAIS";1
"350600 BAURU";15
"350610 BEBEDOURO";4
"350630 BERNARDINO DE CAMPOS";1
"350635 BERTIOGA";1
"350640 BILAC";1
"350650 BIRIGUI";2
"350670 BOA ESPERANCA DO SUL";1
"350680 BOCAINA";1
"350700 BOITUVA";1
"350740 BORBOREMA";1
"350750 BOTUCATU";4
"350760 BRAGANCA PAULISTA";4
"350790 BROTAS";1
"350810 BURITAMA";1
"350840 CABREUVA";2
"350850 CACAPAVA";5
"350860 CACHOEIRA PAULISTA";1
"350870 CACONDE";1
"350880 CAFELANDIA";1
"350900 CAIEIRAS";3
"350920 CAJAMAR";1
"350930 CAJOBI";1
"350940 CAJURU";1
"350950 CAMPINAS";24
"350960 CAMPO LIMPO PAULISTA";1
"350970 CAMPOS DO JORDAO";2
"351000 CANDIDO MOTA";1
"351020 CAPAO BONITO";1
"351040 CAPIVARI";2
"351050 CARAGUATATUBA";3
"351060 CARAPICUIBA";2
"351070 CARDOSO";1
"351080 CASA BRANCA";2
"351100 CASTILHO";1
"351110 CATANDUVA";4
"351140 CERQUEIRA CESAR";1
"351150 CERQUILHO";1
"351160 CESARIO LANGE";1
"351170 CHARQUEADA";1
"351190 CLEMENTINA";1
"351200 COLINA";1
"351220 CONCHAL";1
"351230 CONCHAS";1
"351280 COSMOPOLIS";1
"351300 COTIA";4
"351310 CRAVINHOS";1
"351340 CRUZEIRO";1
"351350 CUBATAO";1
"351360 CUNHA";1
"351370 DESCALVADO";1
"351380 DIADEMA";4
"351390 DIVINOLANDIA";1
"351410 DOIS CORREGOS";1
"351430 DOURADO";1
"351440 DRACENA";1
"351450 DUARTINA";1
"351500 EMBU DAS ARTES";4
"351518 ESPIRITO SANTO DO PINHAL";3
"351520 ESTRELA D'OESTE";1
"351540 FARTURA";1
"351550 FERNANDOPOLIS";2
"351570 FERRAZ DE VASCONCELOS";1
"351600 FLORIDA PAULISTA";1
"351620 FRANCA";4
"351630 FRANCISCO MORATO";2
"351640 FRANCO DA ROCHA";4
"351660 GALIA";1
"351670 GARCA";2
"351690 GENERAL SALGADO";1
"351700 GETULINA";1
"351740 GUAIRA";1
"351770 GUARA";1
"351780 GUARACAI";1
"351820 GUARARAPES";1
"351830 GUARAREMA";1
"351840 GUARATINGUETA";5
"351860 GUARIBA";1
"351870 GUARUJA";4
"351880 GUARULHOS";14
"351900 HERCULANDIA";1
"351907 HORTOLANDIA";2
"351910 IACANGA";1
"351930 IBATE";1
"351940 IBIRA";1
"351960 IBITINGA";2
"351970 IBIUNA";3
"351990 IEPE";1
"352010 IGARAPAVA";1
"352040 ILHABELA";1
"352044 ILHA SOLTEIRA";1
"352050 INDAIATUBA";4
"352070 INDIAPORA";1
"352090 IPAUSSU";1
"352130 IPUA";1
"352170 ITABERA";1
"352180 ITAI";1
"352190 ITAJOBI";1
"352210 ITANHAEM";2
"352220 ITAPECERICA DA SERRA";5
"352230 ITAPETININGA";2
"352240 ITAPEVA";1
"352250 ITAPEVI";3
"352260 ITAPIRA";4
"352270 ITAPOLIS";1
"352280 ITAPORANGA";1
"352290 ITAPUI";1
"352310 ITAQUAQUECETUBA";1
"352320 ITARARE";1
"352340 ITATIBA";2
"352350 ITATINGA";1
"352360 ITIRAPINA";1
"352390 ITU";4
"352400 ITUPEVA";2
"352410 ITUVERAVA";2
"352420 JABORANDI";1
"352430 JABOTICABAL";2
"352440 JACAREI";5
"352450 JACI";1
"352470 JAGUARIUNA";1
"352480 JALES";2
"352520 JARINU";1
"352530 JAU";4
"352550 JOANOPOLIS";1
"352570 JOSE BONIFACIO";1
"352590 JUNDIAI";9
"352600 JUNQUEIROPOLIS";1
"352640 LARANJAL PAULISTA";1
"352670 LEME";2
"352680 LENCOIS PAULISTA";2
"352690 LIMEIRA";4
"352710 LINS";4
"352720 LORENA";2
"352730 LOUVEIRA";1
"352740 LUCELIA";1
"352800 MACATUBA";1
"352810 MACAUBAL";1
"352850 MAIRIPORA";1
"352880 MARACAI";1
"352900 MARILIA";6
"352920 MARTINOPOLIS";1
"352930 MATAO";1
"352940 MAUA";4
"352970 MIGUELOPOLIS";1
"353010 MIRANDOPOLIS";1
"353030 MIRASSOL";2
"353050 MOCOCA";1
"353060 MOGI DAS CRUZES";9
"353070 MOGI GUACU";3
"353080 MOGI MIRIM";3
"353110 MONGAGUA";2
"353130 MONTE ALTO";2
"353140 MONTE APRAZIVEL";1
"353150 MONTE AZUL PAULISTA";2
"353180 MONTE MOR";1
"353190 MORRO AGUDO";1
"353200 MORUNGABA";1
"353240 NAZARE PAULISTA";1
"353250 NEVES PAULISTA";1
"353260 NHANDEARA";2
"353290 NOVA EUROPA";1
"353300 NOVA GRANADA";1
"353340 NOVA ODESSA";1
"353350 NOVO HORIZONTE";1
"353390 OLIMPIA";1
"353430 ORLANDIA";1
"353440 OSASCO";6
"353460 OSVALDO CRUZ";1
"353470 OURINHOS";4
"353475 OUROESTE";1
"353490 PACAEMBU";1
"353520 PALMEIRA D'OESTE";1
"353530 PALMITAL";1
"353540 PANORAMA";1
"353550 PARAGUACU PAULISTA";1
"353580 PARANAPANEMA";1
"353600 PARAPUA";1
"353620 PARIQUERA-ACU";1
"353630 PATROCINIO PAULISTA";1
"353650 PAULINIA";1
"353660 PAULO DE FARIA";1
"353670 PEDERNEIRAS";1
"353700 PEDREGULHO";1
"353710 PEDREIRA";2
"353730 PENAPOLIS";2
"353740 PEREIRA BARRETO";1
"353760 PERUIBE";1
"353780 PIEDADE";1
"353790 PILAR DO SUL";1
"353800 PINDAMONHANGABA";2
"353860 PIRACAIA";1
"353870 PIRACICABA";4
"353880 PIRAJU";1
"353890 PIRAJUI";2
"353900 PIRANGI";1
"353930 PIRASSUNUNGA";3
"353940 PIRATININGA";1
"353950 PITANGUEIRAS";1
"354000 POMPEIA";1
"354020 PONTAL";1
"354040 POPULINA";1
"354060 PORTO FELIZ";1
"354070 PORTO FERREIRA";1
"354080 POTIRENDABA";1
"354100 PRAIA GRANDE";2
"354120 PRESIDENTE BERNARDES";1
"354130 PRESIDENTE EPITACIO";1
"354140 PRESIDENTE PRUDENTE";9
"354150 PRESIDENTE VENCESLAU";1
"354160 PROMISSAO";1
"354190 QUELUZ";1
"354220 RANCHARIA";1
"354240 REGENTE FEIJO";1
"354260 REGISTRO";3
"354290 RIBEIRAO BONITO";1
"354300 RIBEIRAO BRANCO";1
"354330 RIBEIRAO PIRES";2
"354340 RIBEIRAO PRETO";21
"354380 RINOPOLIS";1
"354390 RIO CLARO";5
"354400 RIO DAS PEDRAS";2
"354420 RIOLANDIA";1
"354425 ROSANA";1
"354430 ROSEIRA";1
"354490 SALES OLIVEIRA";1
"354500 SALESOPOLIS";1
"354520 SALTO";1
"354530 SALTO DE PIRAPORA";2
"354540 SALTO GRANDE";1
"354560 SANTA ADELIA";1
"354580 SANTA BARBARA D'OESTE";2
"354630 SANTA CRUZ DAS PALMEIRAS";1
"354640 SANTA CRUZ DO RIO PARDO";1
"354660 SANTA FE DO SUL";1
"354680 SANTA ISABEL";1
"354730 SANTANA DE PARNAIBA";2
"354750 SANTA RITA DO PASSA QUATRO";2
"354760 SANTA ROSA DE VITERBO";1
"354770 SANTO ANASTACIO";1
"354780 SANTO ANDRE";11
"354790 SANTO ANTONIO DA ALEGRIA";1
"354850 SANTOS";15
"354860 SAO BENTO DO SAPUCAI";1
"354870 SAO BERNARDO DO CAMPO";19
"354880 SAO CAETANO DO SUL";6
"354890 SAO CARLOS";5
"354910 SAO JOAO DA BOA VISTA";2
"354940 SAO JOAQUIM DA BARRA";1
"354970 SAO JOSE DO RIO PARDO";2
"354980 SAO JOSE DO RIO PRETO";17
"354990 SAO JOSE DOS CAMPOS";22
"355000 SAO LUIS DO PARAITINGA";1
"355010 SAO MANUEL";1
"355020 SAO MIGUEL ARCANJO";1
"355030 SAO PAULO";209
"355040 SAO PEDRO";1
"355060 SAO ROQUE";3
"355070 SAO SEBASTIAO";1
"355080 SAO SEBASTIAO DA GRAMA";1
"355090 SAO SIMAO";1
"355100 SAO VICENTE";4
"355150 SERRANA";2
"355160 SERRA NEGRA";1
"355170 SERTAOZINHO";2
"355210 SOCORRO";1
"355220 SOROCABA";11
"355230 SUD MENNUCCI";1
"355240 SUMARE";1
"355250 SUZANO";3
"355260 TABAPUA";1
"355270 TABATINGA";1
"355280 TABOAO DA SERRA";4
"355300 TAGUAI";1
"355330 TAMBAU";1
"355340 TANABI";1
"355360 TAPIRATIBA";1
"355370 TAQUARITINGA";1
"355380 TAQUARITUBA";1
"355400 TATUI";2
"355410 TAUBATE";4
"355430 TEODORO SAMPAIO";1
"355440 TERRA ROXA";1
"355450 TIETE";1
"355470 TORRINHA";1
"355480 TREMEMBE";1
"355500 TUPA";2
"355510 TUPI PAULISTA";1
"355540 UBATUBA";1
"355580 URANIA";1
"355600 URUPES";1
"355620 VALINHOS";2
"355630 VALPARAISO";1
"355640 VARGEM GRANDE DO SUL";1
"355650 VARZEA PAULISTA";1
"355670 VINHEDO";1
"355680 VIRADOURO";1
"355700 VOTORANTIM";2
"355710 VOTUPORANGA";2
"355720 CHAVANTES";1
 Fonte: Ministério da Saúde - Cadastro Nacional dos Estabelecimentos de Saúde do Brasil - CNES
 Nota:
 - Os dados relativos ao Cadastro Nacional de Estabelecimentos de Saúde (CNES) exibidos no TABNET referem-se aos registros constantes no Banco de Dados Nacional do CNES com status ATIVO.
 - A partir do processamento de junho de 2012, houve mudança na classificação da natureza e esfera dos estabelecimentos. Com isso, temos que:
 
 Até maio de 2012 estas informações estão disponíveis como "Natureza" e "Esfera Administrativa".
 De junho de 2012 a outubro de 2015, estão disponíveis tanto como "Natureza" e "Esfera Administrativa", como "Natureza Jurídica" e "Esfera Jurídica".
 A partir de novembro de 2015, estão disponíveis como "Natureza Jurídica" e "Esfera Jurídica".
 
