municipio;instituicoes hospitalares
ADAMANTINA;20
AGUAI;10
AGUAS DE LINDOIA;10
AGUDOS;10
ALTINOPOLIS;10
ALTO ALEGRE;10
ALVARES MACHADO;10
AMERICANA;50
AMERICO BRASILIENSE;20
AMPARO;30
ANDRADINA;20
ANGATUBA;10
APARECIDA;10
APARECIDA D'OESTE;10
APIAI;10
ARACATUBA;60
ARACOIABA DA SERRA;10
ARANDU;10
ARARAQUARA;80
ARARAS;40
AREALVA;10
ARTUR NOGUEIRA;40
ARUJA;10
ASSIS;40
ATIBAIA;30
AURIFLAMA;10
AVARE;10
BARIRI;10
BARRA BONITA;10
BARRETOS;50
BARUERI;30
BASTOS;10
BATATAIS;10
BAURU;150
BEBEDOURO;40
BERNARDINO DE CAMPOS;10
BERTIOGA;10
BILAC;10
BIRIGUI;20
BOA ESPERANCA DO SUL;10
BOCAINA;10
BOITUVA;10
BORBOREMA;10
BOTUCATU;40
BRAGANCA PAULISTA;40
BROTAS;10
BURITAMA;10
CABREUVA;20
CACAPAVA;50
CACHOEIRA PAULISTA;10
CACONDE;10
CAFELANDIA;10
CAIEIRAS;30
CAJAMAR;10
CAJOBI;10
CAJURU;10
CAMPINAS;240
CAMPO LIMPO PAULISTA;10
CAMPOS DO JORDAO;20
CANDIDO MOTA;10
CAPAO BONITO;10
CAPIVARI;20
CARAGUATATUBA;30
CARAPICUIBA;20
CARDOSO;10
CASA BRANCA;20
CASTILHO;10
CATANDUVA;40
CERQUEIRA CESAR;10
CERQUILHO;10
CESARIO LANGE;10
CHARQUEADA;10
CLEMENTINA;10
COLINA;10
CONCHAL;10
CONCHAS;10
COSMOPOLIS;10
COTIA;40
CRAVINHOS;10
CRUZEIRO;10
CUBATAO;10
CUNHA;10
DESCALVADO;10
DIADEMA;40
DIVINOLANDIA;10
DOIS CORREGOS;10
DOURADO;10
DRACENA;10
DUARTINA;10
EMBU DAS ARTES;40
ESPIRITO SANTO DO PINHAL;30
ESTRELA D'OESTE;10
FARTURA;10
FERNANDOPOLIS;20
FERRAZ DE VASCONCELOS;10
FLORIDA PAULISTA;10
FRANCA;40
FRANCISCO MORATO;20
FRANCO DA ROCHA;40
GALIA;10
GARCA;20
GENERAL SALGADO;10
GETULINA;10
GUAIRA;10
GUARA;10
GUARACAI;10
GUARARAPES;10
GUARAREMA;10
GUARATINGUETA;50
GUARIBA;10
GUARUJA;40
GUARULHOS;140
HERCULANDIA;10
HORTOLANDIA;20
IACANGA;10
IBATE;10
IBIRA;10
IBITINGA;20
IBIUNA;30
IEPE;10
IGARAPAVA;10
ILHABELA;10
ILHA SOLTEIRA;10
INDAIATUBA;40
INDIAPORA;10
IPAUSSU;10
IPUA;10
ITABERA;10
ITAI;10
ITAJOBI;10
ITANHAEM;20
ITAPECERICA DA SERRA;50
ITAPETININGA;20
ITAPEVA;10
ITAPEVI;30
ITAPIRA;40
ITAPOLIS;10
ITAPORANGA;10
ITAPUI;10
ITAQUAQUECETUBA;10
ITARARE;10
ITATIBA;20
ITATINGA;10
ITIRAPINA;10
ITU;40
ITUPEVA;20
ITUVERAVA;20
JABORANDI;10
JABOTICABAL;20
JACAREI;50
JACI;10
JAGUARIUNA;10
JALES;20
JARINU;10
JAU;40
JOANOPOLIS;10
JOSE BONIFACIO;10
JUNDIAI;90
JUNQUEIROPOLIS;10
LARANJAL PAULISTA;10
LEME;20
LENCOIS PAULISTA;20
LIMEIRA;40
LINS;40
LORENA;20
LOUVEIRA;10
LUCELIA;10
MACATUBA;10
MACAUBAL;10
MAIRIPORA;10
MARACAI;10
MARILIA;60
MARTINOPOLIS;10
MATAO;10
MAUA;40
MIGUELOPOLIS;10
MIRANDOPOLIS;10
MIRASSOL;20
MOCOCA;10
MOGI DAS CRUZES;90
MOGI GUACU;30
MOGI MIRIM;30
MONGAGUA;20
MONTE ALTO;20
MONTE APRAZIVEL;10
MONTE AZUL PAULISTA;20
MONTE MOR;10
MORRO AGUDO;10
MORUNGABA;10
NAZARE PAULISTA;10
NEVES PAULISTA;10
NHANDEARA;20
NOVA EUROPA;10
NOVA GRANADA;10
NOVA ODESSA;10
NOVO HORIZONTE;10
OLIMPIA;10
ORLANDIA;10
OSASCO;60
OSVALDO CRUZ;10
OURINHOS;40
OUROESTE;10
PACAEMBU;10
PALMEIRA D'OESTE;10
PALMITAL;10
PANORAMA;10
PARAGUACU PAULISTA;10
PARANAPANEMA;10
PARAPUA;10
PARIQUERA-ACU;10
PATROCINIO PAULISTA;10
PAULINIA;10
PAULO DE FARIA;10
PEDERNEIRAS;10
PEDREGULHO;10
PEDREIRA;20
PENAPOLIS;20
PEREIRA BARRETO;10
PERUIBE;10
PIEDADE;10
PILAR DO SUL;10
PINDAMONHANGABA;20
PIRACAIA;10
PIRACICABA;40
PIRAJU;10
PIRAJUI;20
PIRANGI;10
PIRASSUNUNGA;30
PIRATININGA;10
PITANGUEIRAS;10
POMPEIA;10
PONTAL;10
POPULINA;10
PORTO FELIZ;10
PORTO FERREIRA;10
POTIRENDABA;10
PRAIA GRANDE;20
PRESIDENTE BERNARDES;10
PRESIDENTE EPITACIO;10
PRESIDENTE PRUDENTE;90
PRESIDENTE VENCESLAU;10
PROMISSAO;10
QUELUZ;10
RANCHARIA;10
REGENTE FEIJO;10
REGISTRO;30
RIBEIRAO BONITO;10
RIBEIRAO BRANCO;10
RIBEIRAO PIRES;20
RIBEIRAO PRETO;210
RINOPOLIS;10
RIO CLARO;50
RIO DAS PEDRAS;20
RIOLANDIA;10
ROSANA;10
ROSEIRA;10
SALES OLIVEIRA;10
SALESOPOLIS;10
SALTO;10
SALTO DE PIRAPORA;20
SALTO GRANDE;10
SANTA ADELIA;10
SANTA BARBARA D'OESTE;20
SANTA CRUZ DAS PALMEIRAS;10
SANTA CRUZ DO RIO PARDO;10
SANTA FE DO SUL;10
SANTA ISABEL;10
SANTANA DE PARNAIBA;20
SANTA RITA DO PASSA QUATRO;20
SANTA ROSA DE VITERBO;10
SANTO ANASTACIO;10
SANTO ANDRE;110
SANTO ANTONIO DA ALEGRIA;10
SANTOS;150
SAO BENTO DO SAPUCAI;10
SAO BERNARDO DO CAMPO;190
SAO CAETANO DO SUL;60
SAO CARLOS;50
SAO JOAO DA BOA VISTA;20
SAO JOAQUIM DA BARRA;10
SAO JOSE DO RIO PARDO;20
SAO JOSE DO RIO PRETO;170
SAO JOSE DOS CAMPOS;220
SAO LUIS DO PARAITINGA;10
SAO MANUEL;10
SAO MIGUEL ARCANJO;10
SAO PAULO;2090
SAO PEDRO;10
SAO ROQUE;30
SAO SEBASTIAO;10
SAO SEBASTIAO DA GRAMA;10
SAO SIMAO;10
SAO VICENTE;40
SERRANA;20
SERRA NEGRA;10
SERTAOZINHO;20
SOCORRO;10
SOROCABA;110
SUD MENNUCCI;10
SUMARE;10
SUZANO;30
TABAPUA;10
TABATINGA;10
TABOAO DA SERRA;40
TAGUAI;10
TAMBAU;10
TANABI;10
TAPIRATIBA;10
TAQUARITINGA;10
TAQUARITUBA;10
TATUI;20
TAUBATE;40
TEODORO SAMPAIO;10
TERRA ROXA;10
TIETE;10
TORRINHA;10
TREMEMBE;10
TUPA;20
TUPI PAULISTA;10
UBATUBA;10
URANIA;10
URUPES;10
VALINHOS;20
VALPARAISO;10
VARGEM GRANDE DO SUL;10
VARZEA PAULISTA;10
VINHEDO;10
VIRADOURO;10
VOTORANTIM;20
VOTUPORANGA;20
CHAVANTES;10
FONTE: MINISTERIO DA SAUDE - CADASTRO NACIONAL DOS ESTABELECIMENTOS DE SAUDE DO BRASIL - CNES;
NOTA:;
- OS DADOS RELATIVOS AO CADASTRO NACIONAL DE ESTABELECIMENTOS DE SAUDE (CNES) EXIBIDOS NO TABNET REFEREM-SE AOS REGISTROS CONSTANTES NO BANCO DE DADOS NACIONAL DO CNES COM STATUS ATIVO.;
- A PARTIR DO PROCESSAMENTO DE JUNHO DE , HOUVE MUDANCA NA CLASSIFICACAO DA NATUREZA E ESFERA DOS ESTABELECIMENTOS. COM ISSO, TEMOS QUE:;
"ATE MAIO DE  ESTAS INFORMACOES ESTAO DISPONIVEIS COMO ""NATUREZA"" E ""ESFERA ADMINISTRATIVA"".";
"DE JUNHO DE  A OUTUBRO DE , ESTAO DISPONIVEIS TANTO COMO ""NATUREZA"" E ""ESFERA ADMINISTRATIVA"", COMO ""NATUREZA JURIDICA"" E ""ESFERA JURIDICA"".";
"A PARTIR DE NOVEMBRO DE , ESTAO DISPONIVEIS COMO ""NATUREZA JURIDICA"" E ""ESFERA JURIDICA"".";
