municipio;alta vulnerabilidade_n_domicilios;baixa vulnerabilidade_n_domicilios;baixissima vulnerabilidade_n_domicilios;muito alta vulnerabilidade_n_domicilios;muito baixa vulnerabilidade_n_domicilios;media vulnerabilidade_n_domicilios;alta vulnerabilidade_n_pessoas;baixa vulnerabilidade_n_pessoas;baixissima vulnerabilidade_n_pessoas;muito alta vulnerabilidade_n_pessoas;muito baixa vulnerabilidade_n_pessoas;media vulnerabilidade_n_pessoas;alta vulnerabilidade_n_setores;baixa vulnerabilidade_n_setores;baixissima vulnerabilidade_n_setores;muito alta vulnerabilidade_n_setores;muito baixa vulnerabilidade_n_setores;media vulnerabilidade_n_setores
ADAMANTINA;1162.0;1667.0;36.0;0.0;8316.0;2140.0;3181.0;4015.0;99.0;0.0;20816.0;5683.0;7.0;10.0;1.0;0.0;49.0;12.0
ADOLFO;688.0;0.0;0.0;0.0;98.0;801.0;1909.0;0.0;0.0;0.0;278.0;2010.0;3.0;0.0;0.0;0.0;2.0;3.0
AGUAI;1770.0;621.0;0.0;0.0;4931.0;4158.0;5356.0;1669.0;0.0;0.0;13200.0;11783.0;7.0;4.0;0.0;0.0;26.0;22.0
AGUAS DA PRATA;0.0;0.0;0.0;0.0;2279.0;534.0;0.0;0.0;0.0;0.0;5756.0;1465.0;0.0;0.0;0.0;0.0;16.0;3.0
AGUAS DE LINDOIA;483.0;589.0;57.0;0.0;3646.0;1921.0;1394.0;1521.0;152.0;0.0;9144.0;5300.0;4.0;5.0;1.0;0.0;26.0;13.0
AGUAS DE SANTA BARBARA;69.0;543.0;0.0;0.0;1640.0;411.0;228.0;1450.0;0.0;0.0;4207.0;1139.0;1.0;4.0;0.0;0.0;15.0;3.0
AGUAS DE SAO PEDRO;0.0;266.0;0.0;0.0;887.0;0.0;0.0;594.0;0.0;0.0;2185.0;0.0;0.0;2.0;0.0;0.0;5.0;0.0
AGUDOS;3618.0;967.0;89.0;0.0;6563.0;1598.0;11067.0;2892.0;247.0;0.0;18140.0;4767.0;14.0;4.0;1.0;0.0;28.0;7.0
ALAMBARI;563.0;0.0;0.0;0.0;865.0;572.0;1656.0;0.0;0.0;0.0;2421.0;1666.0;4.0;0.0;0.0;0.0;7.0;4.0
ALFREDO MARCONDES;407.0;0.0;0.0;0.0;463.0;785.0;1074.0;0.0;0.0;0.0;1148.0;2027.0;3.0;0.0;0.0;0.0;4.0;5.0
ALTAIR;237.0;0.0;225.0;0.0;178.0;594.0;642.0;0.0;530.0;0.0;527.0;1605.0;1.0;0.0;1.0;0.0;3.0;3.0
ALTINOPOLIS;1258.0;0.0;0.0;0.0;1762.0;3036.0;3676.0;0.0;0.0;0.0;4599.0;8448.0;7.0;0.0;0.0;0.0;11.0;17.0
ALTO ALEGRE;416.0;168.0;0.0;0.0;335.0;533.0;1096.0;410.0;0.0;0.0;844.0;1304.0;2.0;1.0;0.0;0.0;5.0;4.0
ALUMINIO;0.0;570.0;69.0;0.0;4401.0;757.0;0.0;1681.0;199.0;0.0;12790.0;2186.0;0.0;3.0;1.0;0.0;21.0;6.0
ALVARES FLORENCE;96.0;0.0;0.0;0.0;767.0;667.0;301.0;0.0;0.0;0.0;1969.0;1627.0;1.0;0.0;0.0;0.0;6.0;4.0
ALVARES MACHADO;3209.0;486.0;301.0;0.0;3817.0;1961.0;8989.0;1248.0;870.0;0.0;10397.0;5435.0;13.0;2.0;1.0;0.0;22.0;11.0
ALVARO DE CARVALHO;489.0;0.0;0.0;0.0;0.0;628.0;1307.0;0.0;0.0;0.0;0.0;1704.0;4.0;0.0;0.0;0.0;0.0;3.0
ALVINLANDIA;85.0;0.0;0.0;0.0;0.0;883.0;228.0;0.0;0.0;0.0;0.0;2539.0;1.0;0.0;0.0;0.0;0.0;7.0
AMERICANA;3299.0;11489.0;6319.0;163.0;65301.0;2435.0;9557.0;30053.0;16824.0;481.0;172302.0;6753.0;19.0;61.0;42.0;1.0;365.0;14.0
AMERICO BRASILIENSE;2961.0;762.0;0.0;0.0;2537.0;5092.0;8868.0;2112.0;0.0;0.0;7022.0;14758.0;14.0;4.0;0.0;0.0;13.0;27.0
AMERICO DE CAMPOS;598.0;0.0;0.0;0.0;1503.0;260.0;1495.0;0.0;0.0;0.0;3750.0;623.0;2.0;0.0;0.0;0.0;9.0;1.0
AMPARO;3724.0;3274.0;559.0;110.0;14957.0;1446.0;10970.0;8588.0;1508.0;359.0;40931.0;4105.0;17.0;15.0;3.0;1.0;82.0;13.0
ANALANDIA;135.0;0.0;0.0;0.0;1430.0;75.0;352.0;0.0;0.0;0.0;3885.0;236.0;1.0;0.0;0.0;0.0;12.0;1.0
ANDRADINA;3831.0;1217.0;224.0;0.0;12137.0;4360.0;10572.0;3364.0;609.0;0.0;31310.0;11671.0;20.0;7.0;1.0;0.0;58.0;25.0
ANGATUBA;1230.0;692.0;0.0;0.0;3676.0;2752.0;3661.0;1885.0;0.0;0.0;10341.0;7650.0;6.0;4.0;0.0;0.0;19.0;16.0
ANHEMBI;1006.0;54.0;0.0;0.0;284.0;486.0;2852.0;144.0;0.0;0.0;709.0;1335.0;7.0;1.0;0.0;0.0;5.0;6.0
ANHUMAS;101.0;0.0;0.0;0.0;709.0;546.0;306.0;0.0;0.0;0.0;1851.0;1465.0;1.0;0.0;0.0;0.0;5.0;2.0
APARECIDA;1440.0;448.0;0.0;0.0;6523.0;2825.0;4222.0;1005.0;0.0;0.0;18165.0;8566.0;7.0;2.0;0.0;0.0;42.0;16.0
APARECIDA D'OESTE;360.0;0.0;0.0;0.0;176.0;1031.0;899.0;0.0;0.0;0.0;455.0;2572.0;2.0;0.0;0.0;0.0;2.0;9.0
APIAI;2736.0;1007.0;0.0;0.0;1775.0;3056.0;7769.0;2674.0;0.0;0.0;4816.0;8552.0;22.0;5.0;0.0;0.0;13.0;30.0
ARACARIGUAMA;3388.0;1469.0;38.0;0.0;1451.0;918.0;9923.0;4163.0;81.0;0.0;4149.0;2719.0;14.0;6.0;1.0;0.0;14.0;9.0
ARACATUBA;12274.0;12678.0;5808.0;0.0;40004.0;6668.0;34305.0;29932.0;14191.0;0.0;102317.0;17871.0;71.0;78.0;38.0;0.0;255.0;42.0
ARACOIABA DA SERRA;501.0;1042.0;746.0;0.0;7049.0;2166.0;1404.0;3030.0;2179.0;0.0;18798.0;6176.0;5.0;8.0;3.0;0.0;52.0;16.0
ARAMINA;0.0;0.0;0.0;0.0;1229.0;622.0;0.0;0.0;0.0;0.0;3302.0;1703.0;0.0;0.0;0.0;0.0;7.0;4.0
ARANDU;534.0;319.0;0.0;0.0;246.0;1144.0;1632.0;941.0;0.0;0.0;700.0;3174.0;3.0;3.0;0.0;0.0;4.0;10.0
ARAPEI;0.0;0.0;0.0;0.0;91.0;770.0;0.0;0.0;0.0;0.0;245.0;2005.0;0.0;0.0;0.0;0.0;1.0;7.0
ARARAQUARA;11690.0;17404.0;5974.0;0.0;49861.0;7094.0;33884.0;40454.0;16029.0;0.0;128749.0;19914.0;55.0;99.0;38.0;0.0;282.0;37.0
ARARAS;4802.0;6109.0;2142.0;0.0;25869.0;8378.0;13974.0;14998.0;5860.0;0.0;69435.0;24464.0;30.0;34.0;19.0;0.0;185.0;53.0
ARCO-IRIS;0.0;0.0;0.0;0.0;0.0;519.0;0.0;0.0;0.0;0.0;0.0;1426.0;0.0;0.0;0.0;0.0;0.0;4.0
AREALVA;492.0;0.0;0.0;0.0;1786.0;698.0;1331.0;0.0;0.0;0.0;4578.0;1916.0;3.0;0.0;0.0;0.0;15.0;4.0
AREIAS;367.0;0.0;0.0;0.0;147.0;678.0;1090.0;0.0;0.0;0.0;389.0;1926.0;5.0;0.0;0.0;0.0;2.0;6.0
AREIOPOLIS;1223.0;0.0;0.0;0.0;743.0;1305.0;3791.0;0.0;0.0;0.0;2144.0;3805.0;7.0;0.0;0.0;0.0;4.0;9.0
ARIRANHA;0.0;0.0;0.0;0.0;1322.0;1436.0;0.0;0.0;0.0;0.0;3413.0;3863.0;0.0;0.0;0.0;0.0;7.0;7.0
ARTUR NOGUEIRA;5832.0;1127.0;608.0;0.0;7842.0;2566.0;16891.0;3188.0;1655.0;0.0;21880.0;7329.0;29.0;8.0;3.0;0.0;59.0;17.0
ARUJA;7676.0;3164.0;2520.0;409.0;11984.0;3230.0;23388.0;9320.0;7766.0;1368.0;34177.0;9484.0;38.0;16.0;15.0;5.0;59.0;16.0
ASPASIA;0.0;0.0;0.0;0.0;72.0;583.0;0.0;0.0;0.0;0.0;210.0;1562.0;0.0;0.0;0.0;0.0;1.0;4.0
ASSIS;3784.0;5862.0;1469.0;0.0;22296.0;4486.0;11174.0;15013.0;3879.0;0.0;56870.0;12201.0;22.0;27.0;8.0;0.0;114.0;22.0
ATIBAIA;6489.0;4374.0;5452.0;1743.0;31513.0;5985.0;18511.0;12458.0;14891.0;5278.0;86409.0;17459.0;40.0;30.0;39.0;15.0;192.0;48.0
AURIFLAMA;530.0;149.0;0.0;0.0;1902.0;2774.0;1362.0;393.0;0.0;0.0;4748.0;7053.0;2.0;1.0;0.0;0.0;16.0;14.0
AVAI;299.0;218.0;0.0;0.0;194.0;716.0;820.0;549.0;0.0;0.0;530.0;1882.0;1.0;1.0;0.0;0.0;2.0;4.0
AVANHANDAVA;1559.0;143.0;0.0;0.0;766.0;982.0;4471.0;401.0;0.0;0.0;2149.0;2711.0;8.0;2.0;0.0;0.0;4.0;5.0
AVARE;6372.0;4647.0;1065.0;24.0;16912.0;4154.0;18847.0;12207.0;2971.0;84.0;43781.0;11828.0;40.0;35.0;7.0;1.0;123.0;30.0
BADY BASSITT;640.0;1915.0;230.0;0.0;7094.0;0.0;1617.0;5250.0;687.0;0.0;19473.0;0.0;4.0;7.0;2.0;0.0;37.0;0.0
BALBINOS;57.0;0.0;0.0;0.0;482.0;0.0;170.0;0.0;0.0;0.0;1188.0;0.0;1.0;0.0;0.0;0.0;3.0;0.0
BALSAMO;174.0;0.0;0.0;0.0;1960.0;1545.0;506.0;0.0;0.0;0.0;4977.0;4034.0;1.0;0.0;0.0;0.0;13.0;8.0
BANANAL;112.0;0.0;0.0;307.0;1947.0;1292.0;314.0;0.0;0.0;850.0;5035.0;3598.0;2.0;0.0;0.0;2.0;14.0;13.0
BARAO DE ANTONINA;819.0;112.0;0.0;0.0;0.0;308.0;2137.0;277.0;0.0;0.0;0.0;805.0;5.0;1.0;0.0;0.0;0.0;4.0
BARBOSA;1553.0;0.0;0.0;0.0;0.0;479.0;4176.0;0.0;0.0;0.0;0.0;1266.0;8.0;0.0;0.0;0.0;0.0;4.0
BARIRI;1710.0;897.0;0.0;0.0;6351.0;2689.0;5062.0;2471.0;0.0;0.0;16125.0;7610.0;9.0;6.0;0.0;0.0;42.0;15.0
BARRA BONITA;631.0;332.0;152.0;0.0;9188.0;2483.0;1873.0;925.0;413.0;0.0;23713.0;7037.0;3.0;2.0;1.0;0.0;52.0;13.0
BARRA DO CHAPEU;1367.0;0.0;0.0;0.0;0.0;473.0;3850.0;0.0;0.0;0.0;0.0;1227.0;13.0;0.0;0.0;0.0;0.0;5.0
BARRA DO TURVO;960.0;0.0;0.0;0.0;0.0;1024.0;2553.0;0.0;0.0;0.0;0.0;2683.0;5.0;0.0;0.0;0.0;0.0;11.0
BARRETOS;6363.0;12398.0;1332.0;0.0;23680.0;2527.0;17362.0;32172.0;3877.0;0.0;61406.0;7104.0;27.0;51.0;6.0;0.0;113.0;15.0
BARRINHA;4532.0;393.0;0.0;0.0;1474.0;4703.0;13123.0;1104.0;0.0;0.0;4034.0;13519.0;23.0;3.0;0.0;0.0;10.0;24.0
BARUERI;14696.0;25027.0;20720.0;2925.0;37114.0;8876.0;41330.0;72392.0;53858.0;8717.0;113228.0;26383.0;55.0;97.0;96.0;18.0;158.0;36.0
BASTOS;1928.0;640.0;0.0;0.0;2949.0;1951.0;5695.0;1815.0;0.0;0.0;8277.0;5488.0;13.0;6.0;0.0;0.0;20.0;13.0
BATATAIS;2673.0;459.0;245.0;0.0;13767.0;4094.0;7798.0;1335.0;707.0;0.0;36464.0;11419.0;13.0;3.0;1.0;0.0;70.0;22.0
BAURU;17630.0;31021.0;12691.0;1990.0;69922.0;6200.0;51690.0;75047.0;31390.0;6043.0;187380.0;18276.0;72.0;134.0;57.0;17.0;314.0;22.0
BEBEDOURO;4125.0;2898.0;676.0;0.0;17510.0;2726.0;12188.0;7851.0;1727.0;0.0;46410.0;7668.0;18.0;14.0;5.0;0.0;96.0;15.0
BENTO DE ABREU;164.0;164.0;0.0;0.0;263.0;262.0;500.0;431.0;0.0;0.0;702.0;773.0;2.0;1.0;0.0;0.0;2.0;2.0
BERNARDINO DE CAMPOS;1339.0;373.0;0.0;0.0;1754.0;413.0;3679.0;1060.0;0.0;0.0;4683.0;1109.0;7.0;2.0;0.0;0.0;11.0;2.0
BERTIOGA;3200.0;4793.0;182.0;5486.0;6734.0;1017.0;9748.0;13588.0;466.0;15994.0;17707.0;2925.0;23.0;35.0;2.0;36.0;65.0;11.0
BILAC;632.0;299.0;0.0;0.0;1447.0;400.0;1696.0;785.0;0.0;0.0;3729.0;1024.0;4.0;2.0;0.0;0.0;10.0;3.0
BIRIGUI;5788.0;5069.0;1603.0;0.0;22234.0;10542.0;16271.0;12557.0;4431.0;0.0;57115.0;27889.0;33.0;27.0;12.0;0.0;135.0;60.0
BIRITIBA MIRIM;1797.0;236.0;0.0;731.0;2576.0;4650.0;5261.0;678.0;0.0;2176.0;7209.0;13036.0;12.0;1.0;0.0;5.0;17.0;38.0
BOA ESPERANCA DO SUL;1731.0;239.0;0.0;0.0;969.0;1673.0;4901.0;657.0;0.0;0.0;2517.0;4766.0;8.0;2.0;0.0;0.0;8.0;8.0
BOCAINA;704.0;451.0;0.0;0.0;1391.0;1417.0;2041.0;1303.0;0.0;0.0;3537.0;4024.0;4.0;3.0;0.0;0.0;9.0;8.0
BOFETE;1416.0;115.0;0.0;0.0;899.0;1367.0;3824.0;322.0;0.0;0.0;2323.0;3576.0;8.0;1.0;0.0;0.0;7.0;14.0
BOITUVA;4137.0;3312.0;1417.0;0.0;10388.0;2122.0;11778.0;9385.0;4031.0;0.0;28498.0;6421.0;19.0;14.0;8.0;0.0;56.0;17.0
BOM JESUS DOS PERDOES;2460.0;1059.0;53.0;0.0;2792.0;1072.0;7073.0;2982.0;162.0;0.0;7674.0;3212.0;15.0;5.0;1.0;0.0;23.0;9.0
BOM SUCESSO DE ITARARE;658.0;105.0;0.0;0.0;0.0;401.0;1989.0;319.0;0.0;0.0;0.0;1217.0;4.0;1.0;0.0;0.0;0.0;4.0
BORA;94.0;0.0;0.0;0.0;0.0;174.0;296.0;0.0;0.0;0.0;0.0;442.0;1.0;0.0;0.0;0.0;0.0;1.0
BORACEIA;276.0;213.0;0.0;0.0;470.0;665.0;790.0;625.0;0.0;0.0;1319.0;1940.0;2.0;1.0;0.0;0.0;3.0;4.0
BORBOREMA;886.0;324.0;185.0;0.0;2282.0;1660.0;2324.0;862.0;411.0;0.0;5917.0;4356.0;6.0;2.0;1.0;0.0;19.0;10.0
BOREBI;175.0;0.0;0.0;0.0;542.0;192.0;512.0;0.0;0.0;0.0;1541.0;510.0;2.0;0.0;0.0;0.0;4.0;1.0
BOTUCATU;7366.0;14136.0;1806.0;179.0;26723.0;3740.0;21560.0;35308.0;4493.0;543.0;70545.0;10893.0;37.0;81.0;14.0;1.0;172.0;23.0
BRAGANCA PAULISTA;9240.0;15458.0;3761.0;83.0;29470.0;4538.0;26675.0;41425.0;10844.0;212.0;81470.0;13321.0;54.0;85.0;24.0;1.0;190.0;36.0
BRAUNA;854.0;0.0;0.0;0.0;340.0;721.0;2429.0;0.0;0.0;0.0;869.0;1901.0;4.0;0.0;0.0;0.0;4.0;5.0
BREJO ALEGRE;0.0;0.0;0.0;0.0;344.0;618.0;0.0;0.0;0.0;0.0;908.0;1622.0;0.0;0.0;0.0;0.0;3.0;4.0
BRODOWSKI;2068.0;1059.0;0.0;0.0;5015.0;737.0;6265.0;2979.0;0.0;0.0;13656.0;2257.0;9.0;5.0;0.0;0.0;22.0;4.0
BROTAS;1433.0;1515.0;0.0;0.0;4685.0;778.0;4129.0;4210.0;0.0;0.0;12658.0;2187.0;7.0;7.0;0.0;0.0;31.0;7.0
BURI;4208.0;770.0;153.0;0.0;772.0;953.0;12703.0;2063.0;355.0;0.0;2117.0;2640.0;28.0;6.0;1.0;0.0;8.0;7.0
BURITAMA;1139.0;214.0;0.0;0.0;3043.0;2232.0;3101.0;554.0;0.0;0.0;7565.0;5748.0;8.0;1.0;0.0;0.0;23.0;17.0
BURITIZAL;201.0;0.0;0.0;0.0;1154.0;277.0;585.0;0.0;0.0;0.0;2993.0;686.0;1.0;0.0;0.0;0.0;8.0;2.0
CABRALIA PAULISTA;614.0;0.0;0.0;0.0;542.0;428.0;1687.0;0.0;0.0;0.0;1382.0;1189.0;3.0;0.0;0.0;0.0;3.0;3.0
CABREUVA;4228.0;4326.0;135.0;296.0;4798.0;1596.0;13075.0;12979.0;392.0;950.0;14130.0;4902.0;16.0;16.0;1.0;5.0;26.0;11.0
CACAPAVA;4149.0;3153.0;1132.0;104.0;19941.0;4762.0;12905.0;8723.0;3233.0;343.0;55843.0;13767.0;22.0;18.0;7.0;1.0;113.0;25.0
CACHOEIRA PAULISTA;806.0;999.0;501.0;0.0;5699.0;2727.0;2471.0;2775.0;1447.0;0.0;16054.0;8297.0;6.0;6.0;3.0;0.0;40.0;20.0
CACONDE;825.0;80.0;0.0;0.0;2948.0;2220.0;2430.0;223.0;0.0;0.0;7841.0;6138.0;7.0;1.0;0.0;0.0;22.0;12.0
CAFELANDIA;967.0;235.0;224.0;0.0;2869.0;1759.0;2822.0;614.0;533.0;0.0;7413.0;4698.0;6.0;2.0;1.0;0.0;24.0;14.0
CAIABU;110.0;0.0;0.0;0.0;256.0;1027.0;291.0;0.0;0.0;0.0;664.0;2564.0;1.0;0.0;0.0;0.0;2.0;6.0
CAIEIRAS;2675.0;7449.0;1301.0;2227.0;18259.0;682.0;7675.0;21514.0;3827.0;6832.0;52632.0;1979.0;16.0;34.0;10.0;15.0;100.0;5.0
CAIUA;276.0;0.0;0.0;0.0;211.0;1205.0;708.0;0.0;0.0;0.0;493.0;3106.0;2.0;0.0;0.0;0.0;2.0;10.0
CAJAMAR;7232.0;8720.0;666.0;3633.0;10143.0;1875.0;20748.0;23650.0;1944.0;10708.0;28920.0;5475.0;39.0;53.0;6.0;31.0;63.0;13.0
CAJATI;4696.0;382.0;0.0;0.0;1745.0;3010.0;13840.0;1076.0;0.0;0.0;4876.0;8496.0;28.0;2.0;0.0;0.0;8.0;23.0
CAJOBI;296.0;48.0;0.0;0.0;2006.0;1098.0;843.0;138.0;0.0;0.0;5088.0;2872.0;2.0;1.0;0.0;0.0;14.0;6.0
CAJURU;1771.0;169.0;0.0;0.0;4193.0;2370.0;5070.0;400.0;0.0;0.0;11390.0;6589.0;6.0;1.0;0.0;0.0;21.0;14.0
CAMPINA DO MONTE ALEGRE;705.0;314.0;0.0;0.0;636.0;436.0;2023.0;866.0;0.0;0.0;1606.0;1200.0;3.0;1.0;0.0;0.0;5.0;3.0
CAMPINAS;27807.0;62435.0;68137.0;45321.0;201236.0;22668.0;81633.0;148728.0;164725.0;139454.0;527920.0;66893.0;148.0;347.0;390.0;288.0;1118.0;131.0
CAMPO LIMPO PAULISTA;6380.0;3030.0;346.0;967.0;13087.0;2279.0;18946.0;8741.0;955.0;2983.0;37150.0;6635.0;42.0;22.0;4.0;11.0;107.0;21.0
CAMPOS DO JORDAO;1661.0;1983.0;51.0;2905.0;6698.0;1913.0;4934.0;5540.0;140.0;9061.0;18710.0;5633.0;11.0;15.0;1.0;22.0;63.0;14.0
CAMPOS NOVOS PAULISTA;754.0;0.0;0.0;0.0;649.0;403.0;2090.0;0.0;0.0;0.0;1682.0;1092.0;5.0;0.0;0.0;0.0;5.0;5.0
CANANEIA;761.0;514.0;0.0;0.0;1620.0;1157.0;2246.0;1403.0;0.0;0.0;4153.0;3464.0;4.0;3.0;0.0;0.0;11.0;9.0
CANAS;646.0;101.0;0.0;0.0;447.0;311.0;2125.0;267.0;0.0;0.0;1298.0;1015.0;4.0;1.0;0.0;0.0;4.0;4.0
CANDIDO MOTA;1594.0;118.0;0.0;0.0;6220.0;2823.0;4391.0;349.0;0.0;0.0;16340.0;7936.0;8.0;1.0;0.0;0.0;36.0;16.0
CANDIDO RODRIGUES;0.0;0.0;0.0;0.0;562.0;540.0;0.0;0.0;0.0;0.0;1441.0;1435.0;0.0;0.0;0.0;0.0;3.0;4.0
CANITAR;780.0;268.0;0.0;0.0;0.0;964.0;2328.0;772.0;0.0;0.0;0.0;2970.0;6.0;2.0;0.0;0.0;0.0;7.0
CAPAO BONITO;5263.0;733.0;0.0;0.0;5089.0;4837.0;15880.0;2086.0;0.0;0.0;13888.0;14003.0;30.0;5.0;0.0;0.0;37.0;39.0
CAPELA DO ALTO;2866.0;902.0;0.0;0.0;1515.0;1777.0;8709.0;2584.0;0.0;0.0;4220.0;4958.0;15.0;3.0;0.0;0.0;11.0;10.0
CAPIVARI;2329.0;4987.0;59.0;246.0;7793.0;1612.0;7187.0;14611.0;164.0;756.0;21992.0;4841.0;13.0;21.0;1.0;3.0;39.0;8.0
CARAGUATATUBA;12572.0;5622.0;1311.0;1726.0;22457.0;4133.0;37165.0;15331.0;3097.0;5201.0;59191.0;11756.0;72.0;38.0;15.0;14.0;188.0;28.0
CARAPICUIBA;18981.0;22870.0;2668.0;20120.0;60779.0;10858.0;54262.0;63807.0;8107.0;59707.0;168368.0;30826.0;106.0;130.0;23.0;120.0;382.0;64.0
CARDOSO;736.0;272.0;0.0;0.0;1452.0;2120.0;1841.0;664.0;0.0;0.0;3437.0;5315.0;3.0;2.0;0.0;0.0;10.0;13.0
CASA BRANCA;1384.0;1333.0;0.0;0.0;5300.0;1603.0;3947.0;3653.0;0.0;0.0;13860.0;4625.0;6.0;5.0;0.0;0.0;27.0;11.0
CASSIA DOS COQUEIROS;100.0;0.0;0.0;0.0;278.0;698.0;284.0;0.0;0.0;0.0;714.0;1790.0;1.0;0.0;0.0;0.0;2.0;6.0
CASTILHO;1766.0;379.0;0.0;0.0;2650.0;2467.0;4825.0;1111.0;0.0;0.0;7019.0;6670.0;11.0;2.0;0.0;0.0;15.0;18.0
CATANDUVA;4995.0;4569.0;1456.0;0.0;27331.0;5270.0;14237.0;10641.0;3699.0;0.0;71141.0;14643.0;27.0;29.0;13.0;0.0;160.0;31.0
CATIGUA;634.0;283.0;0.0;0.0;1185.0;354.0;1881.0;743.0;0.0;0.0;3282.0;920.0;3.0;1.0;0.0;0.0;7.0;2.0
CEDRAL;446.0;987.0;0.0;0.0;2927.0;183.0;1303.0;2662.0;0.0;0.0;7777.0;502.0;3.0;5.0;0.0;0.0;21.0;3.0
CERQUEIRA CESAR;2664.0;399.0;0.0;0.0;3183.0;1032.0;7555.0;1071.0;0.0;0.0;8406.0;2887.0;16.0;4.0;0.0;0.0;26.0;8.0
CERQUILHO;1564.0;2116.0;72.0;0.0;10664.0;1400.0;4508.0;6052.0;224.0;0.0;29597.0;3915.0;7.0;8.0;1.0;0.0;45.0;8.0
CESARIO LANGE;2225.0;90.0;0.0;0.0;2775.0;852.0;6767.0;261.0;0.0;0.0;7779.0;2544.0;9.0;1.0;0.0;0.0;18.0;7.0
CHARQUEADA;1018.0;495.0;0.0;0.0;3117.0;491.0;3073.0;1381.0;0.0;0.0;8909.0;1507.0;6.0;2.0;0.0;0.0;21.0;4.0
CHAVANTES;984.0;200.0;0.0;0.0;1703.0;1365.0;2846.0;539.0;0.0;0.0;4549.0;3966.0;8.0;1.0;0.0;0.0;11.0;8.0
CLEMENTINA;1739.0;0.0;0.0;0.0;337.0;395.0;4851.0;0.0;0.0;0.0;788.0;1078.0;9.0;0.0;0.0;0.0;2.0;3.0
COLINA;868.0;0.0;0.0;0.0;4302.0;1390.0;2642.0;0.0;0.0;0.0;11732.0;4070.0;4.0;0.0;0.0;0.0;23.0;7.0
COLOMBIA;759.0;114.0;0.0;0.0;245.0;1122.0;2123.0;311.0;0.0;0.0;671.0;3069.0;4.0;1.0;0.0;0.0;2.0;7.0
CONCHAL;4386.0;853.0;197.0;0.0;2244.0;1735.0;13645.0;2370.0;560.0;0.0;6175.0;5170.0;20.0;4.0;1.0;0.0;14.0;14.0
CONCHAS;1316.0;352.0;0.0;0.0;2920.0;935.0;3747.0;898.0;0.0;0.0;7681.0;2634.0;8.0;4.0;0.0;0.0;21.0;8.0
CORDEIROPOLIS;1585.0;3220.0;0.0;79.0;3330.0;50.0;4874.0;9301.0;0.0;272.0;9139.0;151.0;7.0;13.0;0.0;1.0;20.0;1.0
COROADOS;339.0;178.0;0.0;0.0;801.0;668.0;942.0;479.0;0.0;0.0;2143.0;1754.0;2.0;1.0;0.0;0.0;6.0;4.0
CORONEL MACEDO;458.0;0.0;115.0;0.0;220.0;861.0;1219.0;0.0;306.0;0.0;537.0;2218.0;3.0;0.0;1.0;0.0;2.0;8.0
CORUMBATAI;213.0;0.0;0.0;0.0;882.0;306.0;655.0;0.0;0.0;0.0;2453.0;906.0;1.0;0.0;0.0;0.0;7.0;3.0
COSMOPOLIS;3096.0;2043.0;40.0;573.0;13570.0;2011.0;8539.0;5742.0;117.0;1567.0;37050.0;5658.0;17.0;13.0;1.0;6.0;91.0;13.0
COSMORAMA;1467.0;0.0;0.0;0.0;1339.0;427.0;4037.0;0.0;0.0;0.0;3480.0;1113.0;7.0;0.0;0.0;0.0;5.0;5.0
COTIA;19747.0;17810.0;11236.0;3563.0;34690.0;7659.0;57502.0;50117.0;32516.0;10749.0;97082.0;22172.0;120.0;117.0;92.0;28.0;246.0;59.0
CRAVINHOS;3576.0;1095.0;423.0;0.0;4122.0;1958.0;11074.0;3240.0;1223.0;0.0;11509.0;5662.0;14.0;5.0;3.0;0.0;20.0;9.0
CRISTAIS PAULISTA;830.0;0.0;0.0;0.0;1832.0;484.0;2439.0;0.0;0.0;0.0;5060.0;1440.0;5.0;0.0;0.0;0.0;12.0;4.0
CRUZALIA;0.0;0.0;0.0;0.0;419.0;348.0;0.0;0.0;0.0;0.0;1039.0;911.0;0.0;0.0;0.0;0.0;3.0;2.0
CRUZEIRO;1535.0;1936.0;481.0;344.0;20797.0;1407.0;4693.0;5344.0;1271.0;1106.0;57441.0;4193.0;9.0;11.0;3.0;4.0;116.0;10.0
CUBATAO;3621.0;3606.0;0.0;12821.0;14234.0;5477.0;10333.0;9492.0;0.0;36426.0;39276.0;15936.0;18.0;20.0;0.0;76.0;69.0;28.0
CUNHA;1923.0;127.0;175.0;0.0;2089.0;4125.0;5005.0;311.0;456.0;0.0;5143.0;10801.0;9.0;1.0;1.0;0.0;14.0;37.0
DESCALVADO;944.0;1680.0;246.0;0.0;7050.0;1394.0;2824.0;4557.0;708.0;0.0;19144.0;4158.0;4.0;8.0;1.0;0.0;40.0;8.0
DIADEMA;18800.0;16818.0;1983.0;30721.0;61884.0;13940.0;50356.0;44270.0;5597.0;87310.0;165494.0;37449.0;89.0;73.0;15.0;195.0;296.0;70.0
DIRCE REIS;0.0;60.0;0.0;0.0;48.0;468.0;0.0;176.0;0.0;0.0;145.0;1117.0;0.0;1.0;0.0;0.0;1.0;4.0
DIVINOLANDIA;112.0;291.0;0.0;0.0;2304.0;1449.0;304.0;791.0;0.0;0.0;5914.0;3878.0;1.0;3.0;0.0;0.0;14.0;8.0
DOBRADA;766.0;145.0;0.0;0.0;1335.0;800.0;2068.0;441.0;0.0;0.0;3861.0;2293.0;4.0;1.0;0.0;0.0;7.0;6.0
DOIS CORREGOS;4305.0;926.0;0.0;0.0;2024.0;1259.0;12354.0;2489.0;0.0;0.0;5078.0;3519.0;26.0;6.0;0.0;0.0;15.0;9.0
DOLCINOPOLIS;55.0;0.0;0.0;0.0;89.0;668.0;161.0;0.0;0.0;0.0;253.0;1583.0;1.0;0.0;0.0;0.0;2.0;4.0
DOURADO;792.0;189.0;0.0;0.0;1696.0;399.0;2142.0;506.0;0.0;0.0;4212.0;1143.0;3.0;1.0;0.0;0.0;10.0;3.0
DRACENA;2078.0;1992.0;220.0;0.0;9709.0;2917.0;5673.0;5007.0;623.0;0.0;24960.0;7557.0;10.0;13.0;3.0;0.0;53.0;18.0
DUARTINA;1016.0;459.0;0.0;0.0;1538.0;1667.0;2639.0;1182.0;0.0;0.0;3897.0;4290.0;6.0;4.0;0.0;0.0;11.0;11.0
DUMONT;893.0;1129.0;0.0;0.0;1004.0;235.0;2633.0;3211.0;0.0;0.0;2852.0;671.0;4.0;5.0;0.0;0.0;7.0;1.0
ECHAPORA;320.0;448.0;0.0;0.0;572.0;824.0;996.0;1194.0;0.0;0.0;1526.0;2156.0;2.0;3.0;0.0;0.0;6.0;4.0
ELDORADO;876.0;294.0;238.0;0.0;592.0;1876.0;2695.0;788.0;630.0;0.0;1606.0;5190.0;5.0;1.0;1.0;0.0;3.0;14.0
ELIAS FAUSTO;3544.0;1073.0;0.0;0.0;1071.0;210.0;10654.0;3037.0;0.0;0.0;3127.0;644.0;14.0;4.0;0.0;0.0;6.0;4.0
ELISIARIO;216.0;212.0;0.0;0.0;152.0;604.0;529.0;572.0;0.0;0.0;432.0;1605.0;1.0;1.0;0.0;0.0;2.0;4.0
EMBAUBA;0.0;0.0;0.0;0.0;178.0;718.0;0.0;0.0;0.0;0.0;461.0;1862.0;0.0;0.0;0.0;0.0;1.0;4.0
EMBU DAS ARTES;25150.0;5686.0;713.0;18045.0;19291.0;17923.0;71003.0;16701.0;2054.0;52590.0;53604.0;50693.0;143.0;40.0;6.0;113.0;131.0;109.0
EMBU-GUACU;6973.0;2814.0;892.0;263.0;5995.0;5934.0;20238.0;8027.0;2657.0;819.0;16697.0;16720.0;53.0;17.0;5.0;3.0;50.0;42.0
EMILIANOPOLIS;444.0;0.0;0.0;0.0;0.0;645.0;1212.0;0.0;0.0;0.0;0.0;1577.0;2.0;0.0;0.0;0.0;0.0;4.0
ENGENHEIRO COELHO;3590.0;1251.0;342.0;0.0;1207.0;245.0;10517.0;3319.0;933.0;0.0;3302.0;676.0;18.0;5.0;3.0;0.0;9.0;4.0
ESPIRITO SANTO DO PINHAL;637.0;525.0;0.0;0.0;9041.0;4149.0;1824.0;1436.0;0.0;0.0;24166.0;12109.0;4.0;4.0;0.0;0.0;45.0;24.0
ESPIRITO SANTO DO TURVO;1009.0;0.0;0.0;0.0;0.0;441.0;2858.0;0.0;0.0;0.0;0.0;1202.0;8.0;0.0;0.0;0.0;0.0;4.0
ESTIVA GERBI;182.0;211.0;175.0;0.0;2117.0;1019.0;523.0;624.0;485.0;0.0;6343.0;2968.0;1.0;1.0;1.0;0.0;12.0;7.0
ESTRELA D'OESTE;631.0;0.0;0.0;0.0;2412.0;395.0;1790.0;0.0;0.0;0.0;6393.0;1035.0;4.0;0.0;0.0;0.0;13.0;3.0
ESTRELA DO NORTE;104.0;54.0;0.0;0.0;105.0;643.0;319.0;164.0;0.0;0.0;271.0;1768.0;1.0;1.0;0.0;0.0;1.0;4.0
EUCLIDES DA CUNHA PAULISTA;1273.0;0.0;0.0;0.0;0.0;1749.0;3243.0;0.0;0.0;0.0;0.0;4676.0;7.0;0.0;0.0;0.0;0.0;12.0
FARTURA;1636.0;459.0;0.0;0.0;2430.0;1486.0;4599.0;1201.0;0.0;0.0;6296.0;3930.0;7.0;3.0;0.0;0.0;15.0;8.0
FERNANDO PRESTES;0.0;0.0;0.0;0.0;1094.0;1065.0;0.0;0.0;0.0;0.0;2834.0;2857.0;0.0;0.0;0.0;0.0;6.0;8.0
FERNANDOPOLIS;3127.0;2849.0;679.0;0.0;15657.0;5199.0;8086.0;7000.0;1786.0;0.0;40242.0;13595.0;19.0;18.0;4.0;0.0;96.0;30.0
FERNAO;176.0;0.0;0.0;0.0;126.0;311.0;470.0;0.0;0.0;0.0;337.0;848.0;1.0;0.0;0.0;0.0;1.0;2.0
FERRAZ DE VASCONCELOS;12889.0;6298.0;0.0;9729.0;17160.0;14846.0;37628.0;18097.0;0.0;29794.0;48891.0;42686.0;74.0;42.0;0.0;80.0;99.0;84.0
FLORA RICA;0.0;0.0;0.0;0.0;52.0;511.0;0.0;0.0;0.0;0.0;139.0;1216.0;0.0;0.0;0.0;0.0;1.0;4.0
FLOREAL;0.0;0.0;0.0;0.0;610.0;510.0;0.0;0.0;0.0;0.0;1510.0;1208.0;0.0;0.0;0.0;0.0;4.0;3.0
FLORIDA PAULISTA;704.0;0.0;0.0;0.0;1622.0;1752.0;1927.0;0.0;0.0;0.0;4252.0;4732.0;3.0;0.0;0.0;0.0;10.0;10.0
FLORINEA;185.0;0.0;0.0;0.0;188.0;583.0;492.0;0.0;0.0;0.0;494.0;1534.0;2.0;0.0;0.0;0.0;2.0;3.0
FRANCA;13977.0;27932.0;4239.0;0.0;67506.0;13702.0;40100.0;74339.0;11015.0;0.0;185614.0;38205.0;68.0;147.0;23.0;0.0;366.0;75.0
FRANCISCO MORATO;32507.0;4172.0;173.0;7637.0;4378.0;8436.0;92055.0;11680.0;520.0;22498.0;12511.0;24604.0;191.0;27.0;1.0;64.0;33.0;55.0
FRANCO DA ROCHA;16469.0;9889.0;331.0;4719.0;12291.0;4971.0;47694.0;27822.0;1035.0;14236.0;33747.0;13726.0;96.0;56.0;1.0;42.0;80.0;33.0
GABRIEL MONTEIRO;233.0;0.0;0.0;0.0;256.0;520.0;617.0;0.0;0.0;0.0;622.0;1362.0;1.0;0.0;0.0;0.0;2.0;3.0
GALIA;518.0;0.0;0.0;0.0;685.0;1132.0;1391.0;0.0;0.0;0.0;1713.0;2957.0;3.0;0.0;0.0;0.0;5.0;8.0
GARCA;2418.0;1848.0;119.0;0.0;7232.0;3643.0;6814.0;4889.0;318.0;0.0;19251.0;9927.0;17.0;13.0;1.0;0.0;41.0;25.0
GASTAO VIDIGAL;167.0;0.0;0.0;0.0;0.0;1026.0;517.0;0.0;0.0;0.0;0.0;2574.0;2.0;0.0;0.0;0.0;0.0;8.0
GAVIAO PEIXOTO;840.0;0.0;0.0;0.0;287.0;500.0;2529.0;0.0;0.0;0.0;801.0;1333.0;4.0;0.0;0.0;0.0;1.0;5.0
GENERAL SALGADO;71.0;39.0;0.0;0.0;2295.0;1584.0;165.0;105.0;0.0;0.0;5875.0;4048.0;1.0;1.0;0.0;0.0;14.0;11.0
GETULINA;995.0;62.0;0.0;0.0;899.0;1340.0;2673.0;170.0;0.0;0.0;2328.0;3506.0;7.0;1.0;0.0;0.0;7.0;9.0
GLICERIO;319.0;0.0;0.0;0.0;610.0;561.0;928.0;0.0;0.0;0.0;1600.0;1461.0;2.0;0.0;0.0;0.0;5.0;4.0
GUAICARA;1712.0;272.0;0.0;0.0;785.0;1107.0;4873.0;778.0;0.0;0.0;2170.0;3122.0;10.0;2.0;0.0;0.0;5.0;9.0
GUAIMBE;1050.0;0.0;0.0;0.0;89.0;900.0;2877.0;0.0;0.0;0.0;244.0;2326.0;7.0;0.0;0.0;0.0;1.0;6.0
GUAIRA;2831.0;2110.0;0.0;0.0;7940.0;1681.0;7555.0;5945.0;0.0;0.0;20948.0;4336.0;13.0;9.0;0.0;0.0;36.0;10.0
GUAPIACU;2314.0;989.0;151.0;0.0;2475.0;1705.0;6479.0;2950.0;396.0;0.0;6917.0;4644.0;11.0;5.0;1.0;0.0;17.0;10.0
GUAPIARA;2116.0;192.0;0.0;0.0;356.0;3436.0;5912.0;501.0;0.0;0.0;985.0;9493.0;17.0;2.0;0.0;0.0;3.0;32.0
GUARA;2052.0;242.0;0.0;0.0;2126.0;2153.0;5902.0;622.0;0.0;0.0;5679.0;6076.0;10.0;2.0;0.0;0.0;11.0;12.0
GUARACAI;292.0;0.0;0.0;0.0;1490.0;1037.0;806.0;0.0;0.0;0.0;3691.0;2597.0;2.0;0.0;0.0;0.0;10.0;7.0
GUARACI;1432.0;47.0;0.0;0.0;1440.0;851.0;3892.0;134.0;0.0;0.0;3633.0;2294.0;6.0;1.0;0.0;0.0;10.0;6.0
GUARANI D'OESTE;0.0;0.0;0.0;0.0;186.0;514.0;0.0;0.0;0.0;0.0;471.0;1241.0;0.0;0.0;0.0;0.0;2.0;4.0
GUARANTA;1027.0;0.0;0.0;0.0;423.0;709.0;2904.0;0.0;0.0;0.0;1203.0;1897.0;7.0;0.0;0.0;0.0;3.0;4.0
GUARARAPES;1798.0;181.0;0.0;0.0;5386.0;4038.0;5081.0;435.0;0.0;0.0;14004.0;10743.0;10.0;1.0;0.0;0.0;33.0;23.0
GUARAREMA;1393.0;304.0;362.0;0.0;4786.0;4007.0;4182.0;838.0;972.0;0.0;12901.0;11639.0;6.0;1.0;2.0;0.0;33.0;26.0
GUARATINGUETA;5115.0;2571.0;1943.0;222.0;27479.0;3901.0;15248.0;7096.0;5072.0;732.0;75600.0;11346.0;27.0;15.0;12.0;3.0;147.0;22.0
GUAREI;1930.0;279.0;0.0;0.0;1223.0;1055.0;5353.0;665.0;0.0;0.0;3273.0;2891.0;12.0;1.0;0.0;0.0;11.0;8.0
GUARIBA;4492.0;779.0;0.0;0.0;5445.0;2181.0;13246.0;2360.0;0.0;0.0;15114.0;5983.0;24.0;5.0;0.0;0.0;31.0;14.0
GUARUJA;5205.0;10428.0;2768.0;34241.0;38521.0;6295.0;15382.0;29605.0;6654.0;105123.0;106676.0;18643.0;28.0;63.0;40.0;193.0;265.0;30.0
GUARULHOS;86397.0;57341.0;21992.0;69358.0;171394.0;42164.0;255335.0;156157.0;60089.0;213993.0;471657.0;121205.0;404.0;297.0;161.0;382.0;892.0;214.0
GUATAPARA;1104.0;0.0;0.0;0.0;704.0;694.0;3180.0;0.0;0.0;0.0;2035.0;1964.0;7.0;0.0;0.0;0.0;5.0;4.0
GUZOLANDIA;776.0;0.0;0.0;0.0;286.0;466.0;2088.0;0.0;0.0;0.0;699.0;1166.0;5.0;0.0;0.0;0.0;3.0;4.0
HERCULANDIA;1221.0;171.0;0.0;0.0;1180.0;586.0;3319.0;475.0;0.0;0.0;3132.0;1752.0;8.0;3.0;0.0;0.0;10.0;5.0
HOLAMBRA;1184.0;378.0;862.0;0.0;2180.0;518.0;3737.0;1038.0;2305.0;0.0;6199.0;1632.0;6.0;4.0;5.0;0.0;12.0;3.0
HORTOLANDIA;12989.0;18457.0;2412.0;1319.0;35521.0;9799.0;38637.0;50871.0;7634.0;4072.0;101001.0;29071.0;56.0;82.0;12.0;10.0;157.0;41.0
IACANGA;626.0;409.0;0.0;0.0;2118.0;703.0;1826.0;1122.0;0.0;0.0;5451.0;1815.0;3.0;2.0;0.0;0.0;14.0;5.0
IACRI;531.0;58.0;0.0;0.0;515.0;962.0;1413.0;176.0;0.0;0.0;1339.0;2712.0;4.0;1.0;0.0;0.0;4.0;9.0
IARAS;881.0;273.0;0.0;0.0;217.0;385.0;2499.0;800.0;0.0;0.0;570.0;1112.0;5.0;2.0;0.0;0.0;2.0;3.0
IBATE;3939.0;1273.0;0.0;0.0;2850.0;2911.0;11646.0;3686.0;0.0;0.0;7891.0;8577.0;15.0;7.0;0.0;0.0;15.0;13.0
IBIRA;1055.0;317.0;0.0;0.0;2087.0;815.0;2807.0;882.0;0.0;0.0;5497.0;2127.0;7.0;2.0;0.0;0.0;17.0;6.0
IBIRAREMA;675.0;0.0;138.0;87.0;887.0;555.0;1912.0;0.0;342.0;268.0;2246.0;1429.0;5.0;0.0;1.0;1.0;6.0;4.0
IBITINGA;6687.0;2141.0;95.0;0.0;8791.0;4262.0;18727.0;5824.0;275.0;0.0;22920.0;11525.0;32.0;12.0;1.0;0.0;57.0;27.0
IBIUNA;7545.0;1343.0;323.0;408.0;5420.0;10016.0;22241.0;3808.0;951.0;1251.0;15013.0;28591.0;64.0;10.0;3.0;4.0;45.0;107.0
ICEM;719.0;0.0;0.0;0.0;944.0;867.0;2044.0;0.0;0.0;0.0;2457.0;2250.0;3.0;0.0;0.0;0.0;6.0;5.0
IEPE;1168.0;455.0;0.0;0.0;893.0;167.0;3046.0;1266.0;0.0;0.0;2239.0;441.0;7.0;3.0;0.0;0.0;5.0;3.0
IGARACU DO TIETE;1248.0;943.0;0.0;0.0;2063.0;3915.0;3733.0;2665.0;0.0;0.0;5584.0;10810.0;8.0;5.0;0.0;0.0;12.0;20.0
IGARAPAVA;2453.0;114.0;0.0;0.0;4203.0;3041.0;6746.0;323.0;0.0;0.0;10952.0;8054.0;15.0;1.0;0.0;0.0;26.0;16.0
IGARATA;564.0;391.0;0.0;0.0;1392.0;1376.0;1528.0;1094.0;0.0;0.0;3698.0;3718.0;5.0;2.0;0.0;0.0;8.0;13.0
IGUAPE;550.0;0.0;0.0;0.0;3971.0;5637.0;1723.0;0.0;0.0;0.0;10293.0;15149.0;4.0;0.0;0.0;0.0;23.0;43.0
ILHA COMPRIDA;363.0;202.0;0.0;0.0;3078.0;1459.0;941.0;512.0;0.0;0.0;7747.0;3732.0;4.0;2.0;0.0;0.0;30.0;15.0
ILHA SOLTEIRA;393.0;1001.0;628.0;0.0;6567.0;1035.0;1077.0;2542.0;1695.0;0.0;17187.0;2817.0;3.0;7.0;5.0;0.0;38.0;6.0
ILHABELA;888.0;3091.0;171.0;2318.0;5684.0;116.0;2482.0;8454.0;429.0;6829.0;15082.0;319.0;5.0;19.0;3.0;19.0;48.0;2.0
INDAIATUBA;6384.0;14366.0;16354.0;0.0;48221.0;4969.0;19041.0;41337.0;45853.0;0.0;132729.0;14866.0;25.0;51.0;69.0;0.0;193.0;18.0
INDIANA;56.0;61.0;0.0;0.0;899.0;898.0;151.0;175.0;0.0;0.0;2401.0;2350.0;1.0;1.0;0.0;0.0;5.0;5.0
INDIAPORA;191.0;0.0;0.0;0.0;453.0;996.0;452.0;0.0;0.0;0.0;1182.0;2335.0;1.0;0.0;0.0;0.0;4.0;7.0
INUBIA PAULISTA;0.0;0.0;0.0;0.0;41.0;1213.0;0.0;0.0;0.0;0.0;107.0;3303.0;0.0;0.0;0.0;0.0;1.0;5.0
IPAUSSU;878.0;237.0;0.0;0.0;1957.0;1697.0;2660.0;706.0;0.0;0.0;5284.0;4720.0;5.0;2.0;0.0;0.0;15.0;11.0
IPERO;5094.0;1052.0;0.0;0.0;4736.0;733.0;14671.0;3070.0;0.0;0.0;13412.0;2039.0;23.0;5.0;0.0;0.0;21.0;6.0
IPEUNA;699.0;538.0;0.0;0.0;751.0;379.0;1992.0;1445.0;0.0;0.0;2135.0;1200.0;4.0;3.0;0.0;0.0;5.0;3.0
IPIGUA;316.0;0.0;0.0;0.0;811.0;1237.0;894.0;0.0;0.0;0.0;2283.0;3372.0;3.0;0.0;0.0;0.0;8.0;7.0
IPORANGA;89.0;0.0;0.0;0.0;381.0;543.0;258.0;0.0;0.0;0.0;969.0;1529.0;1.0;0.0;0.0;0.0;2.0;4.0
IPUA;1080.0;0.0;0.0;0.0;2565.0;1560.0;2929.0;0.0;0.0;0.0;6815.0;4336.0;5.0;0.0;0.0;0.0;11.0;7.0
IRACEMAPOLIS;529.0;1287.0;123.0;0.0;4912.0;630.0;1625.0;3724.0;376.0;0.0;14025.0;2012.0;3.0;7.0;1.0;0.0;30.0;5.0
IRAPUA;556.0;0.0;0.0;0.0;537.0;1364.0;1574.0;0.0;0.0;0.0;1476.0;3784.0;4.0;0.0;0.0;0.0;4.0;8.0
IRAPURU;173.0;0.0;0.0;0.0;655.0;1423.0;451.0;0.0;0.0;0.0;1591.0;3545.0;1.0;0.0;0.0;0.0;5.0;9.0
ITABERA;2785.0;1094.0;0.0;0.0;810.0;1281.0;7810.0;2879.0;0.0;0.0;2215.0;3456.0;20.0;8.0;0.0;0.0;5.0;14.0
ITAI;4140.0;835.0;52.0;0.0;2379.0;1087.0;11706.0;2355.0;152.0;0.0;6514.0;2901.0;26.0;5.0;1.0;0.0;20.0;11.0
ITAJOBI;1023.0;1439.0;0.0;0.0;2284.0;1393.0;2906.0;3950.0;0.0;0.0;6163.0;3716.0;6.0;8.0;0.0;0.0;17.0;9.0
ITAJU;455.0;169.0;0.0;0.0;394.0;221.0;1267.0;467.0;0.0;0.0;1067.0;684.0;3.0;1.0;0.0;0.0;3.0;3.0
ITANHAEM;9588.0;2327.0;259.0;192.0;19406.0;9672.0;27518.0;6016.0;570.0;554.0;49902.0;26356.0;48.0;13.0;1.0;3.0;160.0;52.0
ITAOCA;243.0;145.0;0.0;0.0;0.0;808.0;660.0;412.0;0.0;0.0;0.0;2144.0;2.0;1.0;0.0;0.0;0.0;8.0
ITAPECERICA DA SERRA;14155.0;5549.0;454.0;4651.0;13133.0;15650.0;42332.0;15758.0;1409.0;13642.0;37264.0;44986.0;88.0;35.0;3.0;34.0;102.0;110.0
ITAPETININGA;9286.0;9380.0;1110.0;0.0;27241.0;7174.0;28017.0;26621.0;3337.0;0.0;74740.0;20523.0;42.0;37.0;8.0;0.0;118.0;39.0
ITAPEVA;9349.0;3632.0;615.0;0.0;10822.0;6789.0;27923.0;9894.0;1626.0;0.0;29076.0;19321.0;44.0;19.0;4.0;0.0;51.0;46.0
ITAPEVI;36635.0;12932.0;978.0;4868.0;16782.0;9418.0;105351.0;36206.0;2863.0;13820.0;46859.0;26267.0;128.0;44.0;3.0;26.0;64.0;36.0
ITAPIRA;2884.0;1653.0;382.0;0.0;16331.0;4674.0;8457.0;4439.0;1058.0;0.0;43295.0;13429.0;12.0;10.0;5.0;0.0;89.0;27.0
ITAPIRAPUA PAULISTA;1077.0;0.0;0.0;0.0;0.0;482.0;2963.0;0.0;0.0;0.0;0.0;1342.0;9.0;0.0;0.0;0.0;0.0;6.0
ITAPOLIS;2724.0;1059.0;0.0;0.0;7725.0;3179.0;7534.0;2844.0;0.0;0.0;19478.0;8680.0;17.0;7.0;0.0;0.0;48.0;20.0
ITAPORANGA;1362.0;274.0;0.0;0.0;1455.0;2039.0;3825.0;710.0;0.0;0.0;3753.0;5487.0;10.0;2.0;0.0;0.0;11.0;20.0
ITAPUI;1825.0;0.0;0.0;0.0;1390.0;1348.0;5401.0;0.0;0.0;0.0;3797.0;3907.0;9.0;0.0;0.0;0.0;8.0;6.0
ITAPURA;694.0;336.0;0.0;0.0;0.0;438.0;1851.0;879.0;0.0;0.0;0.0;1133.0;5.0;2.0;0.0;0.0;0.0;3.0
ITAQUAQUECETUBA;27624.0;11736.0;88.0;29102.0;28384.0;24629.0;83599.0;34428.0;297.0;90935.0;83949.0;73998.0;129.0;58.0;1.0;142.0;140.0;115.0
ITARARE;4660.0;1699.0;86.0;0.0;6112.0;3487.0;13253.0;4440.0;220.0;0.0;15966.0;9164.0;29.0;13.0;1.0;0.0;52.0;30.0
ITARIRI;1743.0;288.0;0.0;0.0;1380.0;2063.0;4990.0;739.0;0.0;0.0;3762.0;5486.0;9.0;1.0;0.0;0.0;9.0;20.0
ITATIBA;8276.0;7577.0;3349.0;0.0;22361.0;1711.0;23768.0;20692.0;9646.0;0.0;60878.0;4867.0;35.0;27.0;23.0;0.0;128.0;12.0
ITATINGA;1760.0;532.0;0.0;0.0;1997.0;1424.0;5413.0;1546.0;0.0;0.0;5791.0;4374.0;11.0;5.0;0.0;0.0;16.0;11.0
ITIRAPINA;725.0;719.0;0.0;247.0;2678.0;248.0;2180.0;2028.0;0.0;708.0;7051.0;691.0;5.0;4.0;0.0;4.0;20.0;2.0
ITIRAPUA;461.0;0.0;0.0;0.0;296.0;1248.0;1361.0;0.0;0.0;0.0;803.0;3592.0;4.0;0.0;0.0;0.0;2.0;7.0
ITOBI;1083.0;148.0;0.0;0.0;1117.0;518.0;3025.0;392.0;0.0;0.0;3016.0;1432.0;4.0;1.0;0.0;0.0;6.0;4.0
ITU;9606.0;8570.0;3609.0;1061.0;29834.0;6302.0;28130.0;23072.0;10112.0;3226.0;83082.0;18494.0;41.0;37.0;19.0;6.0;128.0;39.0
ITUPEVA;6908.0;5888.0;2475.0;0.0;7358.0;703.0;21100.0;17034.0;7465.0;0.0;21783.0;2131.0;34.0;30.0;22.0;0.0;51.0;5.0
ITUVERAVA;2823.0;235.0;723.0;0.0;6388.0;3725.0;7811.0;638.0;1955.0;0.0;16741.0;9985.0;14.0;3.0;4.0;0.0;36.0;22.0
JABORANDI;0.0;0.0;0.0;0.0;936.0;1223.0;0.0;0.0;0.0;0.0;2406.0;3449.0;0.0;0.0;0.0;0.0;7.0;5.0
JABOTICABAL;4161.0;3240.0;1578.0;0.0;14674.0;3470.0;11763.0;7718.0;4125.0;0.0;37775.0;9497.0;21.0;20.0;11.0;0.0;94.0;21.0
JACAREI;9819.0;10908.0;4170.0;2109.0;49196.0;8078.0;29158.0;29290.0;12644.0;6365.0;136385.0;23837.0;52.0;66.0;31.0;14.0;279.0;42.0
JACI;592.0;1322.0;0.0;0.0;197.0;514.0;1746.0;3729.0;0.0;0.0;569.0;1370.0;3.0;5.0;0.0;0.0;2.0;4.0
JACUPIRANGA;1290.0;69.0;0.0;0.0;2620.0;1728.0;3714.0;191.0;0.0;0.0;6945.0;4884.0;6.0;1.0;0.0;0.0;12.0;17.0
JAGUARIUNA;2193.0;7794.0;986.0;0.0;9635.0;616.0;6528.0;21601.0;2867.0;0.0;25921.0;1611.0;9.0;31.0;8.0;0.0;42.0;6.0
JALES;2174.0;1563.0;110.0;0.0;11190.0;4013.0;5731.0;3853.0;343.0;0.0;28454.0;10184.0;10.0;9.0;1.0;0.0;66.0;23.0
JAMBEIRO;433.0;0.0;140.0;0.0;941.0;677.0;1228.0;0.0;408.0;0.0;2564.0;1920.0;2.0;0.0;2.0;0.0;8.0;8.0
JANDIRA;11635.0;12651.0;2198.0;1692.0;11602.0;2195.0;32847.0;35113.0;6947.0;4963.0;31856.0;6177.0;45.0;45.0;9.0;11.0;42.0;9.0
JARDINOPOLIS;2750.0;2728.0;175.0;0.0;7558.0;1526.0;8626.0;8011.0;521.0;0.0;21191.0;4588.0;12.0;14.0;1.0;0.0;36.0;7.0
JARINU;4819.0;1557.0;104.0;0.0;4264.0;1528.0;14297.0;4450.0;320.0;0.0;11916.0;4476.0;26.0;11.0;1.0;0.0;44.0;17.0
JAU;7679.0;5896.0;769.0;0.0;29359.0;4528.0;22680.0;15869.0;2183.0;0.0;77911.0;13365.0;40.0;33.0;7.0;0.0;164.0;27.0
JERIQUARA;144.0;0.0;0.0;0.0;572.0;575.0;454.0;0.0;0.0;0.0;1664.0;1663.0;1.0;0.0;0.0;0.0;4.0;3.0
JOANOPOLIS;1032.0;307.0;0.0;0.0;2183.0;971.0;2879.0;774.0;0.0;0.0;5946.0;2735.0;9.0;2.0;0.0;0.0;15.0;8.0
JOAO RAMALHO;0.0;0.0;0.0;0.0;381.0;1090.0;0.0;0.0;0.0;0.0;1155.0;3007.0;0.0;0.0;0.0;0.0;1.0;6.0
JOSE BONIFACIO;4513.0;3375.0;0.0;0.0;4200.0;1204.0;12614.0;9202.0;0.0;0.0;11276.0;3322.0;22.0;15.0;0.0;0.0;25.0;8.0
JULIO MESQUITA;1266.0;0.0;0.0;0.0;0.0;240.0;3482.0;0.0;0.0;0.0;0.0;618.0;6.0;0.0;0.0;0.0;0.0;1.0
JUMIRIM;193.0;0.0;0.0;0.0;645.0;46.0;660.0;0.0;0.0;0.0;1921.0;130.0;2.0;0.0;0.0;0.0;7.0;1.0
JUNDIAI;9775.0;23881.0;27082.0;5783.0;92031.0;2892.0;28423.0;65079.0;71373.0;17917.0;245216.0;8270.0;47.0;144.0;176.0;32.0;639.0;23.0
JUNQUEIROPOLIS;1590.0;169.0;0.0;0.0;3654.0;1502.0;4372.0;469.0;0.0;0.0;9603.0;4042.0;6.0;1.0;0.0;0.0;27.0;8.0
JUQUIA;771.0;212.0;0.0;0.0;1559.0;3746.0;2167.0;562.0;0.0;0.0;4098.0;10164.0;7.0;2.0;0.0;0.0;7.0;30.0
JUQUITIBA;4754.0;635.0;0.0;0.0;324.0;3897.0;13146.0;1722.0;0.0;0.0;883.0;10445.0;41.0;4.0;0.0;0.0;4.0;53.0
LAGOINHA;513.0;0.0;0.0;0.0;537.0;985.0;1293.0;0.0;0.0;0.0;1287.0;2309.0;3.0;0.0;0.0;0.0;5.0;7.0
LARANJAL PAULISTA;1757.0;2072.0;302.0;0.0;4567.0;482.0;5300.0;5824.0;783.0;0.0;12599.0;1399.0;7.0;11.0;1.0;0.0;25.0;6.0
LAVINIA;216.0;0.0;0.0;0.0;895.0;632.0;600.0;0.0;0.0;0.0;2278.0;1669.0;3.0;0.0;0.0;0.0;7.0;5.0
LAVRINHAS;233.0;281.0;0.0;0.0;738.0;1082.0;654.0;812.0;0.0;0.0;2193.0;3342.0;1.0;2.0;0.0;0.0;5.0;7.0
LEME;10131.0;2482.0;1209.0;0.0;14175.0;7580.0;29606.0;6523.0;3103.0;0.0;36490.0;21704.0;40.0;8.0;4.0;0.0;71.0;35.0
LENCOIS PAULISTA;1381.0;2529.0;864.0;0.0;14725.0;3239.0;4223.0;7249.0;2235.0;0.0;42649.0;9694.0;6.0;7.0;7.0;0.0;65.0;14.0
LIMEIRA;11093.0;16692.0;5950.0;0.0;56537.0;13255.0;34046.0;44905.0;15957.0;0.0;153609.0;39317.0;65.0;109.0;44.0;0.0;375.0;82.0
LINDOIA;426.0;564.0;0.0;0.0;1241.0;300.0;1164.0;1641.0;0.0;0.0;3218.0;832.0;2.0;3.0;0.0;0.0;10.0;3.0
LINS;3311.0;4513.0;1056.0;0.0;16408.0;2879.0;8978.0;11633.0;2837.0;0.0;42004.0;7973.0;21.0;24.0;8.0;0.0;90.0;18.0
LORENA;3391.0;2249.0;267.0;306.0;19430.0;4228.0;10358.0;5847.0;648.0;1025.0;53574.0;12681.0;16.0;15.0;2.0;1.0;110.0;22.0
LOURDES;69.0;0.0;0.0;0.0;0.0;674.0;192.0;0.0;0.0;0.0;0.0;1635.0;1.0;0.0;0.0;0.0;0.0;5.0
LOUVEIRA;7201.0;3408.0;1280.0;79.0;5082.0;735.0;20494.0;9714.0;3741.0;246.0;15033.0;2167.0;26.0;14.0;10.0;1.0;30.0;6.0
LUCELIA;2311.0;223.0;0.0;0.0;2822.0;1136.0;6371.0;622.0;0.0;0.0;7171.0;3008.0;10.0;2.0;0.0;0.0;19.0;7.0
LUCIANOPOLIS;59.0;0.0;0.0;0.0;194.0;636.0;160.0;0.0;0.0;0.0;550.0;1656.0;1.0;0.0;0.0;0.0;3.0;3.0
LUIS ANTONIO;1746.0;0.0;0.0;0.0;1363.0;1001.0;5296.0;0.0;0.0;0.0;3806.0;3005.0;7.0;0.0;0.0;0.0;7.0;4.0
LUIZIANIA;319.0;115.0;0.0;0.0;109.0;1151.0;903.0;340.0;0.0;0.0;310.0;3022.0;2.0;1.0;0.0;0.0;1.0;6.0
LUPERCIO;50.0;0.0;0.0;0.0;85.0;1251.0;159.0;0.0;0.0;0.0;230.0;3370.0;1.0;0.0;0.0;0.0;1.0;6.0
LUTECIA;533.0;36.0;0.0;0.0;85.0;295.0;1407.0;103.0;0.0;0.0;214.0;704.0;3.0;1.0;0.0;0.0;2.0;2.0
MACATUBA;874.0;916.0;0.0;0.0;2788.0;992.0;2737.0;2855.0;0.0;0.0;7856.0;3109.0;4.0;3.0;0.0;0.0;13.0;4.0
MACAUBAL;845.0;118.0;0.0;0.0;882.0;1108.0;2068.0;321.0;0.0;0.0;2214.0;2698.0;5.0;1.0;0.0;0.0;5.0;5.0
MACEDONIA;212.0;0.0;0.0;0.0;419.0;876.0;579.0;0.0;0.0;0.0;1136.0;2212.0;2.0;0.0;0.0;0.0;5.0;4.0
MAGDA;0.0;58.0;0.0;0.0;470.0;729.0;0.0;187.0;0.0;0.0;1154.0;1822.0;0.0;1.0;0.0;0.0;3.0;5.0
MAIRINQUE;3072.0;1047.0;61.0;149.0;9996.0;2317.0;9135.0;3046.0;160.0;492.0;28364.0;6691.0;16.0;6.0;1.0;2.0;52.0;19.0
MAIRIPORA;6752.0;3949.0;1749.0;1155.0;13193.0;4229.0;19550.0;11048.0;5040.0;3391.0;36945.0;12002.0;49.0;35.0;24.0;13.0;133.0;47.0
MANDURI;802.0;260.0;0.0;0.0;2072.0;479.0;2301.0;664.0;0.0;0.0;5365.0;1303.0;4.0;3.0;0.0;0.0;17.0;3.0
MARABA PAULISTA;0.0;0.0;0.0;0.0;38.0;1343.0;0.0;0.0;0.0;0.0;97.0;3399.0;0.0;0.0;0.0;0.0;1.0;8.0
MARACAI;656.0;0.0;0.0;0.0;2316.0;1748.0;1773.0;0.0;0.0;0.0;6152.0;4441.0;3.0;0.0;0.0;0.0;16.0;8.0
MARAPOAMA;88.0;132.0;0.0;0.0;611.0;388.0;250.0;354.0;0.0;0.0;1621.0;1007.0;2.0;1.0;0.0;0.0;4.0;3.0
MARIAPOLIS;0.0;0.0;53.0;0.0;286.0;915.0;0.0;0.0;154.0;0.0;694.0;2331.0;0.0;0.0;1.0;0.0;2.0;6.0
MARILIA;8854.0;16067.0;5529.0;977.0;47380.0;8887.0;24966.0;39960.0;14526.0;2868.0;126653.0;25018.0;46.0;87.0;32.0;14.0;271.0;51.0
MARINOPOLIS;62.0;0.0;0.0;0.0;45.0;598.0;175.0;0.0;0.0;0.0;135.0;1519.0;1.0;0.0;0.0;0.0;1.0;3.0
MARTINOPOLIS;2197.0;36.0;0.0;0.0;2286.0;4017.0;6066.0;117.0;0.0;0.0;5966.0;10594.0;9.0;1.0;0.0;0.0;11.0;19.0
MATAO;2702.0;2265.0;577.0;0.0;17578.0;5476.0;7739.0;5975.0;1515.0;0.0;48005.0;15063.0;13.0;11.0;5.0;0.0;96.0;27.0
MAUA;9436.0;17358.0;0.0;39917.0;75943.0;9448.0;26029.0;46409.0;0.0;114476.0;202762.0;26062.0;50.0;94.0;0.0;203.0;405.0;51.0
MENDONCA;193.0;460.0;0.0;0.0;593.0;1012.0;546.0;1267.0;0.0;0.0;1579.0;2640.0;2.0;3.0;0.0;0.0;4.0;4.0
MERIDIANO;0.0;0.0;0.0;0.0;1114.0;550.0;0.0;0.0;0.0;0.0;2980.0;1426.0;0.0;0.0;0.0;0.0;7.0;4.0
MESOPOLIS;379.0;0.0;0.0;0.0;56.0;277.0;1041.0;0.0;0.0;0.0;141.0;677.0;3.0;0.0;0.0;0.0;1.0;2.0
MIGUELOPOLIS;2132.0;368.0;0.0;0.0;1380.0;2992.0;6045.0;1033.0;0.0;0.0;3585.0;8024.0;11.0;2.0;0.0;0.0;7.0;17.0
MINEIROS DO TIETE;2232.0;154.0;0.0;0.0;565.0;1124.0;6314.0;422.0;0.0;0.0;1393.0;2918.0;11.0;1.0;0.0;0.0;5.0;7.0
MIRA ESTRELA;90.0;152.0;0.0;0.0;286.0;631.0;261.0;416.0;0.0;0.0;728.0;1515.0;1.0;1.0;0.0;0.0;3.0;5.0
MIRACATU;1927.0;0.0;0.0;0.0;924.0;3761.0;5248.0;0.0;0.0;0.0;2336.0;10260.0;14.0;0.0;0.0;0.0;6.0;34.0
MIRANDOPOLIS;429.0;177.0;0.0;0.0;4971.0;3398.0;1183.0;400.0;0.0;0.0;12795.0;8853.0;2.0;3.0;0.0;0.0;38.0;26.0
MIRANTE DO PARANAPANEMA;748.0;0.0;0.0;0.0;994.0;4278.0;2030.0;0.0;0.0;0.0;2421.0;11124.0;5.0;0.0;0.0;0.0;6.0;26.0
MIRASSOL;1675.0;3061.0;1537.0;0.0;13881.0;2929.0;4611.0;8202.0;4750.0;0.0;37600.0;7693.0;6.0;12.0;6.0;0.0;64.0;16.0
MIRASSOLANDIA;606.0;229.0;0.0;0.0;572.0;262.0;1668.0;595.0;0.0;0.0;1559.0;683.0;5.0;2.0;0.0;0.0;5.0;1.0
MOCOCA;2760.0;1332.0;358.0;0.0;14742.0;5222.0;7990.0;3622.0;984.0;0.0;39619.0;14290.0;17.0;8.0;2.0;0.0;77.0;31.0
MOGI DAS CRUZES;28618.0;16023.0;11546.0;5621.0;80689.0;15356.0;86611.0;41553.0;31990.0;17486.0;225316.0;45244.0;149.0;87.0;74.0;38.0;441.0;107.0
MOGI GUACU;3978.0;4606.0;1831.0;0.0;36782.0;7163.0;12180.0;12251.0;4883.0;0.0;100742.0;21469.0;20.0;21.0;6.0;0.0;187.0;40.0
MOGI MIRIM;3118.0;4044.0;1849.0;0.0;20286.0;4210.0;9532.0;10585.0;5230.0;0.0;53594.0;12188.0;13.0;15.0;7.0;0.0;102.0;18.0
MOMBUCA;782.0;0.0;0.0;0.0;417.0;0.0;2460.0;0.0;0.0;0.0;1163.0;0.0;3.0;0.0;0.0;0.0;4.0;0.0
MONCOES;45.0;0.0;0.0;0.0;130.0;560.0;119.0;0.0;0.0;0.0;299.0;1368.0;1.0;0.0;0.0;0.0;1.0;5.0
MONGAGUA;4073.0;1093.0;62.0;0.0;10517.0;5578.0;11761.0;3069.0;150.0;0.0;27765.0;15724.0;23.0;10.0;1.0;0.0;91.0;33.0
MONTE ALEGRE DO SUL;325.0;231.0;45.0;0.0;1997.0;600.0;875.0;640.0;107.0;0.0;5245.0;1632.0;3.0;1.0;1.0;0.0;16.0;5.0
MONTE ALTO;1482.0;1087.0;75.0;0.0;11283.0;3976.0;4130.0;2907.0;200.0;0.0;29287.0;10489.0;8.0;7.0;1.0;0.0;71.0;21.0
MONTE APRAZIVEL;1279.0;461.0;0.0;0.0;5470.0;1420.0;3322.0;1232.0;0.0;0.0;13941.0;3689.0;7.0;3.0;0.0;0.0;27.0;9.0
MONTE AZUL PAULISTA;726.0;387.0;225.0;0.0;3252.0;2117.0;2050.0;1093.0;606.0;0.0;8495.0;5703.0;4.0;2.0;1.0;0.0;22.0;11.0
MONTE CASTELO;0.0;0.0;0.0;0.0;446.0;1122.0;0.0;0.0;0.0;0.0;1151.0;2892.0;0.0;0.0;0.0;0.0;4.0;6.0
MONTE MOR;5951.0;2097.0;0.0;0.0;7739.0;6413.0;17778.0;6033.0;0.0;0.0;21500.0;18740.0;27.0;10.0;0.0;0.0;40.0;28.0
MONTEIRO LOBATO;0.0;0.0;0.0;0.0;641.0;893.0;0.0;0.0;0.0;0.0;1636.0;2401.0;0.0;0.0;0.0;0.0;7.0;10.0
MORRO AGUDO;2593.0;819.0;0.0;0.0;4167.0;2229.0;7201.0;2381.0;0.0;0.0;11537.0;6129.0;14.0;4.0;0.0;0.0;23.0;11.0
MORUNGABA;932.0;814.0;0.0;0.0;1860.0;1000.0;2672.0;2301.0;0.0;0.0;5183.0;2921.0;5.0;5.0;0.0;0.0;12.0;4.0
MOTUCA;0.0;37.0;0.0;0.0;462.0;783.0;0.0;100.0;0.0;0.0;1290.0;2263.0;0.0;1.0;0.0;0.0;4.0;4.0
MURUTINGA DO SUL;160.0;0.0;0.0;0.0;817.0;503.0;419.0;0.0;0.0;0.0;2047.0;1246.0;1.0;0.0;0.0;0.0;4.0;4.0
NANTES;159.0;0.0;0.0;0.0;167.0;653.0;401.0;0.0;0.0;0.0;457.0;1659.0;1.0;0.0;0.0;0.0;2.0;3.0
NARANDIBA;643.0;66.0;0.0;0.0;765.0;530.0;1864.0;190.0;0.0;0.0;2184.0;1336.0;4.0;1.0;0.0;0.0;7.0;3.0
NATIVIDADE DA SERRA;994.0;0.0;0.0;0.0;367.0;1398.0;2507.0;0.0;0.0;0.0;910.0;3390.0;7.0;0.0;0.0;0.0;3.0;15.0
NAZARE PAULISTA;1692.0;626.0;0.0;0.0;841.0;3202.0;4790.0;1690.0;0.0;0.0;2258.0;8481.0;13.0;4.0;0.0;0.0;8.0;35.0
NEVES PAULISTA;0.0;0.0;0.0;0.0;2548.0;1118.0;0.0;0.0;0.0;0.0;6590.0;2949.0;0.0;0.0;0.0;0.0;12.0;7.0
NHANDEARA;136.0;210.0;0.0;0.0;2321.0;1286.0;393.0;564.0;0.0;0.0;5561.0;3067.0;1.0;2.0;0.0;0.0;12.0;5.0
NIPOA;243.0;0.0;0.0;0.0;397.0;1121.0;637.0;0.0;0.0;0.0;1081.0;3030.0;1.0;0.0;0.0;0.0;2.0;6.0
NOVA ALIANCA;0.0;328.0;0.0;0.0;1508.0;600.0;0.0;879.0;0.0;0.0;4050.0;1588.0;0.0;1.0;0.0;0.0;8.0;3.0
NOVA CAMPINA;1774.0;341.0;177.0;0.0;0.0;557.0;5205.0;1020.0;498.0;0.0;0.0;1577.0;14.0;2.0;1.0;0.0;0.0;6.0
NOVA CANAA PAULISTA;44.0;0.0;0.0;0.0;217.0;544.0;125.0;0.0;0.0;0.0;524.0;1345.0;1.0;0.0;0.0;0.0;3.0;5.0
NOVA CASTILHO;0.0;0.0;0.0;0.0;214.0;123.0;0.0;0.0;0.0;0.0;546.0;350.0;0.0;0.0;0.0;0.0;2.0;1.0
NOVA EUROPA;1135.0;0.0;0.0;0.0;1211.0;976.0;3227.0;0.0;0.0;0.0;3224.0;2705.0;7.0;0.0;0.0;0.0;7.0;6.0
NOVA GRANADA;964.0;135.0;0.0;0.0;2911.0;3100.0;2711.0;405.0;0.0;0.0;7656.0;8139.0;6.0;1.0;0.0;0.0;21.0;21.0
NOVA GUATAPORANGA;220.0;0.0;0.0;0.0;85.0;529.0;539.0;0.0;0.0;0.0;221.0;1313.0;1.0;0.0;0.0;0.0;2.0;3.0
NOVA INDEPENDENCIA;282.0;332.0;0.0;0.0;284.0;519.0;799.0;922.0;0.0;0.0;804.0;1355.0;2.0;2.0;0.0;0.0;2.0;3.0
NOVA LUZITANIA;95.0;0.0;0.0;0.0;300.0;663.0;250.0;0.0;0.0;0.0;737.0;1657.0;1.0;0.0;0.0;0.0;1.0;4.0
NOVA ODESSA;267.0;5848.0;570.0;0.0;14885.0;455.0;735.0;16118.0;1776.0;0.0;41442.0;1331.0;2.0;33.0;4.0;0.0;97.0;3.0
NOVAIS;540.0;0.0;0.0;0.0;486.0;550.0;1477.0;0.0;0.0;0.0;1407.0;1482.0;3.0;0.0;0.0;0.0;3.0;4.0
NOVO HORIZONTE;2495.0;1146.0;107.0;0.0;7145.0;3639.0;6519.0;3121.0;291.0;0.0;18411.0;9350.0;13.0;6.0;1.0;0.0;42.0;25.0
NUPORANGA;0.0;106.0;0.0;0.0;2137.0;360.0;0.0;310.0;0.0;0.0;5866.0;958.0;0.0;1.0;0.0;0.0;15.0;2.0
OCAUCU;802.0;0.0;0.0;0.0;559.0;237.0;2221.0;0.0;0.0;0.0;1443.0;605.0;6.0;0.0;0.0;0.0;3.0;3.0
OLEO;362.0;0.0;0.0;0.0;462.0;64.0;953.0;0.0;0.0;0.0;1188.0;141.0;3.0;0.0;0.0;0.0;5.0;1.0
OLIMPIA;4334.0;1545.0;581.0;0.0;11478.0;2219.0;12321.0;4337.0;1493.0;0.0;30147.0;5906.0;20.0;8.0;3.0;0.0;57.0;13.0
ONDA VERDE;0.0;279.0;0.0;0.0;394.0;1030.0;0.0;783.0;0.0;0.0;1067.0;2916.0;0.0;1.0;0.0;0.0;5.0;6.0
ORIENTE;248.0;0.0;0.0;0.0;1219.0;609.0;666.0;0.0;0.0;0.0;3332.0;1724.0;1.0;0.0;0.0;0.0;6.0;4.0
ORINDIUVA;343.0;319.0;0.0;0.0;1069.0;367.0;981.0;917.0;0.0;0.0;2998.0;1052.0;2.0;2.0;0.0;0.0;7.0;3.0
ORLANDIA;1670.0;926.0;0.0;0.0;7993.0;2888.0;4965.0;2666.0;0.0;0.0;21881.0;8501.0;9.0;4.0;0.0;0.0;41.0;17.0
OSASCO;24260.0;47252.0;15887.0;31297.0;125650.0;16357.0;70637.0;127824.0;41382.0;95953.0;340654.0;46895.0;129.0;249.0;91.0;196.0;698.0;90.0
OSCAR BRESSANE;575.0;0.0;0.0;0.0;0.0;227.0;1534.0;0.0;0.0;0.0;0.0;516.0;3.0;0.0;0.0;0.0;0.0;1.0
OSVALDO CRUZ;1196.0;1127.0;76.0;0.0;5843.0;3273.0;3218.0;2917.0;216.0;0.0;14734.0;8239.0;5.0;7.0;1.0;0.0;31.0;18.0
OURINHOS;7249.0;3940.0;1139.0;0.0;19116.0;6285.0;21243.0;10338.0;2924.0;0.0;50447.0;17891.0;51.0;28.0;9.0;0.0;148.0;43.0
OURO VERDE;812.0;266.0;0.0;0.0;180.0;1578.0;2184.0;753.0;0.0;0.0;465.0;4144.0;5.0;1.0;0.0;0.0;3.0;11.0
OUROESTE;830.0;317.0;0.0;0.0;1494.0;1389.0;2102.0;882.0;0.0;0.0;3888.0;3374.0;5.0;2.0;0.0;0.0;11.0;8.0
PACAEMBU;87.0;0.0;0.0;0.0;2329.0;1243.0;227.0;0.0;0.0;0.0;5848.0;3231.0;1.0;0.0;0.0;0.0;11.0;8.0
PALESTINA;890.0;419.0;0.0;0.0;1292.0;1771.0;2358.0;1179.0;0.0;0.0;3174.0;4510.0;6.0;4.0;0.0;0.0;9.0;14.0
PALMARES PAULISTA;2015.0;173.0;0.0;0.0;971.0;242.0;5653.0;505.0;0.0;0.0;2685.0;700.0;11.0;1.0;0.0;0.0;5.0;2.0
PALMEIRA D'OESTE;673.0;252.0;0.0;0.0;1144.0;1409.0;1848.0;605.0;0.0;0.0;2826.0;3451.0;4.0;2.0;0.0;0.0;12.0;11.0
PALMITAL;592.0;197.0;0.0;0.0;4585.0;1745.0;1671.0;546.0;0.0;0.0;11861.0;4802.0;3.0;1.0;0.0;0.0;22.0;10.0
PANORAMA;1917.0;488.0;0.0;0.0;1255.0;1802.0;5328.0;1376.0;0.0;0.0;3262.0;4903.0;9.0;3.0;0.0;0.0;10.0;10.0
PARAGUACU PAULISTA;3013.0;893.0;0.0;0.0;7098.0;3608.0;8756.0;2311.0;0.0;0.0;18509.0;9688.0;14.0;6.0;0.0;0.0;39.0;23.0
PARAIBUNA;1316.0;156.0;0.0;0.0;2053.0;2821.0;3723.0;358.0;0.0;0.0;5394.0;7453.0;9.0;1.0;0.0;0.0;18.0;25.0
PARAISO;152.0;0.0;0.0;0.0;1232.0;884.0;432.0;0.0;0.0;0.0;3332.0;2335.0;1.0;0.0;0.0;0.0;7.0;6.0
PARANAPANEMA;2026.0;1205.0;198.0;0.0;1637.0;1560.0;6067.0;3271.0;523.0;0.0;4719.0;4172.0;15.0;9.0;3.0;0.0;10.0;13.0
PARANAPUA;392.0;293.0;0.0;0.0;300.0;529.0;1076.0;779.0;0.0;0.0;782.0;1330.0;2.0;2.0;0.0;0.0;3.0;2.0
PARAPUA;926.0;0.0;0.0;0.0;1067.0;1862.0;2409.0;0.0;0.0;0.0;2633.0;4830.0;7.0;0.0;0.0;0.0;9.0;14.0
PARDINHO;709.0;248.0;141.0;0.0;595.0;751.0;2024.0;702.0;333.0;0.0;1703.0;2184.0;4.0;2.0;1.0;0.0;7.0;5.0
PARIQUERA-ACU;831.0;392.0;313.0;0.0;1348.0;3720.0;2365.0;1135.0;766.0;0.0;3520.0;10632.0;5.0;2.0;1.0;0.0;7.0;20.0
PARISI;255.0;0.0;0.0;0.0;139.0;714.0;721.0;0.0;0.0;0.0;392.0;1777.0;1.0;0.0;0.0;0.0;1.0;2.0
PATROCINIO PAULISTA;1193.0;743.0;0.0;0.0;1665.0;1359.0;3445.0;2114.0;0.0;0.0;4607.0;4121.0;7.0;5.0;0.0;0.0;12.0;9.0
PAULICEIA;1755.0;235.0;0.0;0.0;508.0;250.0;4893.0;638.0;0.0;0.0;1307.0;640.0;13.0;3.0;0.0;0.0;4.0;2.0
PAULINIA;1271.0;6401.0;7599.0;0.0;20849.0;1596.0;3880.0;18223.0;22530.0;0.0;59852.0;5156.0;4.0;32.0;40.0;0.0;99.0;7.0
PAULISTANIA;225.0;0.0;0.0;0.0;178.0;327.0;678.0;0.0;0.0;0.0;481.0;829.0;2.0;0.0;0.0;0.0;2.0;2.0
PAULO DE FARIA;699.0;0.0;0.0;0.0;466.0;1714.0;1786.0;0.0;0.0;0.0;1088.0;4206.0;5.0;0.0;0.0;0.0;4.0;10.0
PEDERNEIRAS;2374.0;1135.0;0.0;58.0;8634.0;3182.0;7128.0;3237.0;0.0;152.0;23956.0;9544.0;12.0;6.0;0.0;1.0;50.0;19.0
PEDRA BELA;0.0;192.0;0.0;0.0;336.0;1934.0;0.0;518.0;0.0;0.0;880.0;5128.0;0.0;1.0;0.0;0.0;3.0;17.0
PEDRANOPOLIS;0.0;0.0;0.0;0.0;647.0;365.0;0.0;0.0;0.0;0.0;1667.0;964.0;0.0;0.0;0.0;0.0;5.0;4.0
PEDREGULHO;1119.0;37.0;0.0;0.0;1663.0;2738.0;3243.0;93.0;0.0;0.0;4417.0;7695.0;7.0;1.0;0.0;0.0;15.0;18.0
PEDREIRA;3476.0;2423.0;114.0;0.0;7068.0;2529.0;9943.0;6420.0;324.0;0.0;18865.0;7066.0;15.0;13.0;1.0;0.0;41.0;13.0
PEDRINHAS PAULISTA;310.0;0.0;0.0;0.0;753.0;0.0;814.0;0.0;0.0;0.0;1987.0;0.0;1.0;0.0;0.0;0.0;4.0;0.0
PEDRO DE TOLEDO;789.0;0.0;0.0;0.0;636.0;2358.0;2312.0;0.0;0.0;0.0;1674.0;6891.0;6.0;0.0;0.0;0.0;4.0;17.0
PENAPOLIS;2454.0;2522.0;312.0;0.0;12745.0;5029.0;7375.0;6804.0;852.0;0.0;32771.0;13223.0;13.0;13.0;2.0;0.0;68.0;28.0
PEREIRA BARRETO;905.0;673.0;0.0;0.0;3595.0;3876.0;2568.0;1745.0;0.0;0.0;9026.0;10249.0;5.0;3.0;0.0;0.0;20.0;18.0
PEREIRAS;635.0;0.0;0.0;0.0;1096.0;1283.0;1920.0;0.0;0.0;0.0;2938.0;3593.0;4.0;0.0;0.0;0.0;7.0;11.0
PERUIBE;6090.0;975.0;131.0;87.0;12103.0;5191.0;17843.0;2699.0;349.0;277.0;31084.0;14503.0;30.0;5.0;2.0;1.0;94.0;29.0
PIACATU;430.0;0.0;0.0;0.0;291.0;1299.0;1234.0;0.0;0.0;0.0;719.0;3397.0;3.0;0.0;0.0;0.0;3.0;8.0
PIEDADE;3386.0;542.0;0.0;0.0;7237.0;7650.0;9646.0;1448.0;0.0;0.0;19924.0;21168.0;20.0;3.0;0.0;0.0;51.0;62.0
PILAR DO SUL;2286.0;68.0;0.0;0.0;4277.0;2931.0;6830.0;198.0;0.0;0.0;12117.0;8365.0;10.0;1.0;0.0;0.0;24.0;20.0
PINDAMONHANGABA;9954.0;8783.0;2080.0;48.0;32265.0;4481.0;31057.0;23960.0;5941.0;148.0;89135.0;13685.0;53.0;46.0;12.0;1.0;194.0;31.0
PINDORAMA;189.0;297.0;0.0;0.0;3060.0;1815.0;487.0;832.0;0.0;0.0;7973.0;4934.0;1.0;2.0;0.0;0.0;21.0;11.0
PINHALZINHO;1075.0;647.0;0.0;0.0;2579.0;1112.0;2935.0;1720.0;0.0;0.0;6995.0;2899.0;8.0;4.0;0.0;0.0;25.0;11.0
PIQUEROBI;114.0;0.0;0.0;0.0;261.0;860.0;320.0;0.0;0.0;0.0;660.0;2138.0;1.0;0.0;0.0;0.0;2.0;4.0
PIQUETE;0.0;158.0;0.0;0.0;3425.0;893.0;0.0;398.0;0.0;0.0;9191.0;2589.0;0.0;1.0;0.0;0.0;21.0;7.0
PIRACAIA;1515.0;528.0;0.0;0.0;3943.0;3051.0;4381.0;1426.0;0.0;0.0;10505.0;8285.0;10.0;4.0;0.0;0.0;26.0;23.0
PIRACICABA;15715.0;32029.0;11066.0;3424.0;82719.0;9383.0;47140.0;81278.0;28197.0;9633.0;222635.0;28080.0;73.0;150.0;64.0;19.0;448.0;55.0
PIRAJU;1148.0;1530.0;0.0;0.0;5291.0;2898.0;3148.0;3916.0;0.0;0.0;13731.0;8085.0;6.0;8.0;0.0;0.0;30.0;16.0
PIRAJUI;1891.0;507.0;0.0;0.0;3640.0;1275.0;5011.0;1309.0;0.0;0.0;9070.0;3253.0;8.0;3.0;0.0;0.0;19.0;8.0
PIRANGI;169.0;456.0;0.0;0.0;1979.0;1390.0;521.0;1248.0;0.0;0.0;5201.0;3782.0;1.0;2.0;0.0;0.0;12.0;8.0
PIRAPORA DO BOM JESUS;2898.0;407.0;0.0;901.0;781.0;1043.0;8716.0;1234.0;0.0;2972.0;2085.0;3101.0;11.0;3.0;0.0;6.0;4.0;6.0
PIRAPOZINHO;681.0;492.0;0.0;0.0;6080.0;1927.0;1966.0;1412.0;0.0;0.0;16514.0;5245.0;3.0;3.0;0.0;0.0;29.0;10.0
PIRASSUNUNGA;3645.0;2894.0;856.0;0.0;16403.0;3164.0;10478.0;7377.0;2302.0;0.0;42100.0;9271.0;16.0;15.0;4.0;0.0;80.0;16.0
PIRATININGA;0.0;0.0;697.0;0.0;3611.0;777.0;0.0;0.0;2122.0;0.0;10154.0;2273.0;0.0;0.0;3.0;0.0;18.0;5.0
PITANGUEIRAS;3988.0;816.0;0.0;0.0;4751.0;2300.0;11720.0;2213.0;0.0;0.0;13050.0;6499.0;22.0;4.0;0.0;0.0;28.0;14.0
PLANALTO;482.0;0.0;0.0;0.0;150.0;1013.0;1319.0;0.0;0.0;0.0;367.0;2700.0;3.0;0.0;0.0;0.0;1.0;7.0
PLATINA;305.0;0.0;0.0;0.0;119.0;660.0;826.0;0.0;0.0;0.0;285.0;1774.0;2.0;0.0;0.0;0.0;2.0;4.0
POA;4889.0;5408.0;0.0;665.0;20114.0;4212.0;14713.0;15566.0;0.0;2003.0;58700.0;12344.0;27.0;30.0;0.0;6.0;123.0;25.0
POLONI;197.0;216.0;0.0;0.0;725.0;1015.0;472.0;601.0;0.0;0.0;1900.0;2558.0;1.0;1.0;0.0;0.0;5.0;5.0
POMPEIA;954.0;765.0;53.0;0.0;4981.0;450.0;2740.0;2132.0;160.0;0.0;13657.0;1195.0;7.0;4.0;1.0;0.0;28.0;3.0
PONGAI;0.0;0.0;0.0;0.0;780.0;576.0;0.0;0.0;0.0;0.0;1859.0;1520.0;0.0;0.0;0.0;0.0;6.0;5.0
PONTAL;6174.0;1165.0;0.0;0.0;3820.0;1834.0;17652.0;3204.0;0.0;0.0;10490.0;5299.0;31.0;7.0;0.0;0.0;21.0;10.0
PONTALINDA;676.0;0.0;0.0;0.0;103.0;718.0;1779.0;0.0;0.0;0.0;260.0;1942.0;5.0;0.0;0.0;0.0;1.0;5.0
PONTES GESTAL;667.0;0.0;0.0;0.0;197.0;0.0;1647.0;0.0;0.0;0.0;495.0;0.0;3.0;0.0;0.0;0.0;1.0;0.0
POPULINA;0.0;0.0;0.0;0.0;284.0;1281.0;0.0;0.0;0.0;0.0;701.0;3276.0;0.0;0.0;0.0;0.0;3.0;9.0
PORANGABA;628.0;255.0;66.0;0.0;1829.0;1039.0;1763.0;662.0;174.0;0.0;4706.0;2899.0;6.0;1.0;1.0;0.0;17.0;7.0
PORTO FELIZ;2819.0;2778.0;429.0;0.0;9550.0;2705.0;8643.0;7613.0;1242.0;0.0;27962.0;8464.0;17.0;12.0;3.0;0.0;41.0;13.0
PORTO FERREIRA;3576.0;536.0;119.0;375.0;11970.0;2231.0;10534.0;1419.0;337.0;1234.0;31962.0;6420.0;12.0;2.0;1.0;2.0;53.0;11.0
POTIM;2972.0;343.0;0.0;0.0;455.0;1893.0;8955.0;1060.0;0.0;0.0;1326.0;5906.0;15.0;2.0;0.0;0.0;2.0;9.0
POTIRENDABA;2083.0;745.0;0.0;0.0;3111.0;721.0;5865.0;1996.0;0.0;0.0;8275.0;1897.0;11.0;5.0;0.0;0.0;20.0;5.0
PRACINHA;0.0;0.0;0.0;0.0;0.0;539.0;0.0;0.0;0.0;0.0;0.0;1419.0;0.0;0.0;0.0;0.0;0.0;3.0
PRADOPOLIS;799.0;450.0;0.0;0.0;2991.0;1588.0;2451.0;1442.0;0.0;0.0;8365.0;4698.0;5.0;3.0;0.0;0.0;18.0;7.0
PRAIA GRANDE;23343.0;14662.0;4334.0;6962.0;71720.0;7856.0;69678.0;40299.0;10604.0;21242.0;181158.0;22889.0;107.0;85.0;44.0;49.0;586.0;45.0
PRATANIA;1015.0;165.0;0.0;0.0;122.0;448.0;3001.0;467.0;0.0;0.0;350.0;1308.0;6.0;1.0;0.0;0.0;1.0;4.0
PRESIDENTE ALVES;0.0;94.0;0.0;0.0;417.0;851.0;0.0;267.0;0.0;0.0;1091.0;2211.0;0.0;1.0;0.0;0.0;3.0;5.0
PRESIDENTE BERNARDES;587.0;0.0;0.0;0.0;2488.0;1470.0;1616.0;0.0;0.0;0.0;6353.0;3828.0;3.0;0.0;0.0;0.0;16.0;11.0
PRESIDENTE EPITACIO;3190.0;1384.0;150.0;0.0;4823.0;5102.0;8567.0;3662.0;438.0;0.0;12370.0;13330.0;16.0;5.0;1.0;0.0;23.0;26.0
PRESIDENTE PRUDENTE;9681.0;14907.0;4511.0;0.0;47271.0;8692.0;27421.0;36249.0;12011.0;0.0;123970.0;23594.0;40.0;67.0;25.0;0.0;220.0;40.0
PRESIDENTE VENCESLAU;1903.0;313.0;405.0;0.0;6746.0;4289.0;4935.0;740.0;1052.0;0.0;16743.0;10754.0;7.0;2.0;3.0;0.0;34.0;21.0
PROMISSAO;2880.0;1374.0;0.0;0.0;6357.0;2174.0;8249.0;3822.0;0.0;0.0;16744.0;6001.0;14.0;8.0;0.0;0.0;36.0;13.0
QUADRA;515.0;304.0;0.0;0.0;199.0;133.0;1499.0;843.0;0.0;0.0;531.0;368.0;5.0;1.0;0.0;0.0;2.0;2.0
QUATA;1071.0;0.0;0.0;0.0;2089.0;1524.0;3030.0;0.0;0.0;0.0;5575.0;4134.0;6.0;0.0;0.0;0.0;12.0;7.0
QUEIROZ;282.0;69.0;0.0;0.0;96.0;727.0;755.0;201.0;0.0;0.0;293.0;1883.0;2.0;1.0;0.0;0.0;2.0;6.0
QUELUZ;1593.0;130.0;0.0;0.0;1118.0;321.0;4608.0;354.0;0.0;0.0;2981.0;916.0;9.0;1.0;0.0;0.0;10.0;3.0
QUINTANA;632.0;39.0;0.0;0.0;542.0;1204.0;1853.0;111.0;0.0;0.0;1491.0;3281.0;3.0;1.0;0.0;0.0;3.0;4.0
RAFARD;413.0;0.0;0.0;0.0;2066.0;584.0;1257.0;0.0;0.0;0.0;5872.0;1698.0;3.0;0.0;0.0;0.0;9.0;3.0
RANCHARIA;3531.0;344.0;0.0;0.0;4753.0;1997.0;9620.0;843.0;0.0;0.0;12224.0;5512.0;17.0;3.0;0.0;0.0;29.0;10.0
REDENCAO DA SERRA;326.0;0.0;0.0;0.0;152.0;1044.0;946.0;0.0;0.0;0.0;419.0;2754.0;3.0;0.0;0.0;0.0;1.0;11.0
REGENTE FEIJO;1538.0;432.0;39.0;0.0;3459.0;1967.0;4154.0;1158.0;116.0;0.0;9117.0;5344.0;8.0;2.0;1.0;0.0;19.0;8.0
REGINOPOLIS;611.0;100.0;0.0;0.0;1064.0;316.0;1752.0;251.0;0.0;0.0;2767.0;740.0;3.0;1.0;0.0;0.0;6.0;2.0
REGISTRO;3894.0;587.0;65.0;0.0;11450.0;5113.0;11181.0;1685.0;201.0;0.0;30438.0;14616.0;19.0;4.0;1.0;0.0;51.0;31.0
RESTINGA;1215.0;0.0;0.0;0.0;214.0;733.0;3435.0;0.0;0.0;0.0;614.0;2287.0;8.0;0.0;0.0;0.0;2.0;5.0
RIBEIRA;133.0;0.0;0.0;0.0;146.0;858.0;382.0;0.0;0.0;0.0;378.0;2300.0;1.0;0.0;0.0;0.0;1.0;9.0
RIBEIRAO BONITO;1809.0;0.0;0.0;0.0;1262.0;905.0;5149.0;0.0;0.0;0.0;3183.0;2465.0;9.0;0.0;0.0;0.0;9.0;5.0
RIBEIRAO BRANCO;3240.0;0.0;0.0;0.0;813.0;2350.0;9216.0;0.0;0.0;0.0;2166.0;6778.0;24.0;0.0;0.0;0.0;5.0;20.0
RIBEIRAO CORRENTE;767.0;0.0;0.0;0.0;0.0;783.0;2253.0;0.0;0.0;0.0;0.0;2268.0;4.0;0.0;0.0;0.0;0.0;5.0
RIBEIRAO DO SUL;221.0;83.0;0.0;0.0;447.0;921.0;635.0;222.0;0.0;0.0;1241.0;2398.0;3.0;2.0;0.0;0.0;5.0;9.0
RIBEIRAO DOS INDIOS;129.0;0.0;0.0;0.0;0.0;636.0;307.0;0.0;0.0;0.0;0.0;1591.0;1.0;0.0;0.0;0.0;0.0;4.0
RIBEIRAO GRANDE;89.0;0.0;0.0;0.0;424.0;2078.0;252.0;0.0;0.0;0.0;1113.0;5837.0;1.0;0.0;0.0;0.0;3.0;19.0
RIBEIRAO PIRES;2501.0;3367.0;324.0;1629.0;30069.0;3366.0;7218.0;9494.0;910.0;4586.0;82827.0;9512.0;13.0;16.0;2.0;6.0;142.0;22.0
RIBEIRAO PRETO;22375.0;68870.0;33796.0;7572.0;124887.0;7405.0;65127.0;165853.0;86955.0;22793.0;328918.0;21899.0;103.0;317.0;174.0;68.0;616.0;34.0
RIFAINA;269.0;152.0;0.0;0.0;676.0;280.0;824.0;354.0;0.0;0.0;1836.0;763.0;1.0;1.0;0.0;0.0;6.0;2.0
RINCAO;310.0;203.0;0.0;0.0;1120.0;1657.0;927.0;594.0;0.0;0.0;2996.0;4499.0;2.0;1.0;0.0;0.0;7.0;10.0
RINOPOLIS;804.0;381.0;0.0;0.0;843.0;1237.0;2180.0;1036.0;0.0;0.0;2091.0;3291.0;4.0;4.0;0.0;0.0;8.0;8.0
RIO CLARO;11127.0;12774.0;3443.0;137.0;41050.0;4935.0;32976.0;34173.0;9027.0;419.0;107470.0;14498.0;47.0;57.0;16.0;3.0;205.0;24.0
RIO DAS PEDRAS;1735.0;520.0;309.0;0.0;7058.0;968.0;5524.0;1583.0;911.0;0.0;20149.0;2906.0;7.0;3.0;2.0;0.0;38.0;8.0
RIO GRANDE DA SERRA;3667.0;390.0;0.0;1842.0;5864.0;3864.0;10417.0;1067.0;0.0;5166.0;16366.0;10688.0;19.0;3.0;0.0;12.0;33.0;25.0
RIOLANDIA;1359.0;127.0;0.0;0.0;457.0;1011.0;3724.0;373.0;0.0;0.0;1081.0;2573.0;6.0;2.0;0.0;0.0;2.0;6.0
RIVERSUL;1282.0;131.0;0.0;0.0;0.0;615.0;3474.0;342.0;0.0;0.0;0.0;1565.0;7.0;1.0;0.0;0.0;0.0;8.0
ROSANA;356.0;210.0;0.0;0.0;2675.0;3184.0;934.0;564.0;0.0;0.0;6819.0;8647.0;2.0;1.0;0.0;0.0;16.0;22.0
ROSEIRA;681.0;719.0;0.0;0.0;1890.0;340.0;2100.0;2185.0;0.0;0.0;5494.0;1020.0;3.0;3.0;0.0;0.0;14.0;3.0
RUBIACEA;125.0;0.0;0.0;0.0;0.0;764.0;374.0;0.0;0.0;0.0;0.0;2015.0;1.0;0.0;0.0;0.0;0.0;5.0
RUBINEIA;0.0;254.0;0.0;0.0;977.0;108.0;0.0;661.0;0.0;0.0;2514.0;236.0;0.0;2.0;0.0;0.0;10.0;1.0
SABINO;94.0;0.0;0.0;0.0;425.0;1420.0;276.0;0.0;0.0;0.0;1034.0;3595.0;1.0;0.0;0.0;0.0;5.0;10.0
SAGRES;0.0;0.0;0.0;0.0;0.0;883.0;0.0;0.0;0.0;0.0;0.0;2381.0;0.0;0.0;0.0;0.0;0.0;6.0
SALES;694.0;293.0;0.0;0.0;727.0;668.0;1774.0;812.0;0.0;0.0;1840.0;1790.0;3.0;2.0;0.0;0.0;6.0;6.0
SALES OLIVEIRA;736.0;645.0;0.0;0.0;2604.0;48.0;2091.0;1782.0;0.0;0.0;7182.0;146.0;4.0;5.0;0.0;0.0;17.0;1.0
SALESOPOLIS;1108.0;202.0;0.0;0.0;1737.0;2210.0;3110.0;509.0;0.0;0.0;4977.0;6065.0;8.0;1.0;0.0;0.0;13.0;22.0
SALMOURAO;662.0;0.0;0.0;0.0;225.0;848.0;1830.0;0.0;0.0;0.0;597.0;2182.0;3.0;0.0;0.0;0.0;3.0;4.0
SALTINHO;0.0;0.0;0.0;0.0;2650.0;211.0;0.0;0.0;0.0;0.0;7414.0;599.0;0.0;0.0;0.0;0.0;13.0;2.0
SALTO;2340.0;7386.0;1485.0;113.0;32237.0;3094.0;7240.0;20750.0;4251.0;335.0;91889.0;9234.0;11.0;28.0;8.0;1.0;138.0;13.0
SALTO DE PIRAPORA;2119.0;2338.0;279.0;0.0;6726.0;3450.0;6155.0;6652.0;824.0;0.0;18954.0;10021.0;9.0;10.0;2.0;0.0;41.0;18.0
SALTO GRANDE;1603.0;0.0;0.0;0.0;688.0;962.0;4493.0;0.0;0.0;0.0;1702.0;2537.0;13.0;0.0;0.0;0.0;7.0;7.0
SANDOVALINA;526.0;0.0;0.0;0.0;0.0;661.0;1539.0;0.0;0.0;0.0;0.0;1893.0;2.0;0.0;0.0;0.0;0.0;3.0
SANTA ADELIA;1092.0;77.0;0.0;0.0;3082.0;937.0;2781.0;201.0;0.0;0.0;8140.0;2665.0;5.0;1.0;0.0;0.0;18.0;7.0
SANTA ALBERTINA;335.0;0.0;0.0;0.0;1119.0;1060.0;864.0;0.0;0.0;0.0;2736.0;2615.0;3.0;0.0;0.0;0.0;9.0;6.0
SANTA BARBARA D'OESTE;4555.0;8326.0;1710.0;0.0;46806.0;4513.0;13052.0;22481.0;4927.0;0.0;129130.0;13011.0;27.0;46.0;11.0;0.0;270.0;27.0
SANTA BRANCA;858.0;413.0;0.0;0.0;2151.0;1620.0;2558.0;1157.0;0.0;0.0;5685.0;4218.0;5.0;2.0;0.0;0.0;16.0;17.0
SANTA CLARA D'OESTE;187.0;72.0;0.0;0.0;306.0;371.0;505.0;205.0;0.0;0.0;839.0;1018.0;2.0;1.0;0.0;0.0;4.0;4.0
SANTA CRUZ DA CONCEICAO;89.0;0.0;0.0;0.0;1383.0;136.0;250.0;0.0;0.0;0.0;3580.0;378.0;1.0;0.0;0.0;0.0;10.0;2.0
SANTA CRUZ DA ESPERANCA;0.0;0.0;0.0;0.0;732.0;0.0;0.0;0.0;0.0;0.0;2018.0;0.0;0.0;0.0;0.0;0.0;4.0;0.0
SANTA CRUZ DAS PALMEIRAS;2721.0;518.0;0.0;0.0;4588.0;2452.0;7926.0;1543.0;0.0;0.0;11875.0;7065.0;12.0;2.0;0.0;0.0;25.0;12.0
SANTA CRUZ DO RIO PARDO;2174.0;2490.0;62.0;293.0;9269.0;2189.0;6446.0;7110.0;137.0;995.0;24854.0;6070.0;14.0;15.0;1.0;2.0;66.0;15.0
SANTA ERNESTINA;284.0;0.0;0.0;0.0;1519.0;358.0;779.0;0.0;0.0;0.0;4226.0;992.0;2.0;0.0;0.0;0.0;8.0;2.0
SANTA FE DO SUL;2926.0;1947.0;0.0;0.0;6519.0;1815.0;7563.0;5149.0;0.0;0.0;16845.0;4609.0;18.0;10.0;0.0;0.0;37.0;9.0
SANTA GERTRUDES;1506.0;4243.0;239.0;0.0;1875.0;187.0;4080.0;12468.0;768.0;0.0;5334.0;519.0;8.0;20.0;1.0;0.0;13.0;2.0
SANTA ISABEL;5012.0;1606.0;257.0;0.0;4939.0;6560.0;14579.0;4644.0;698.0;0.0;13833.0;18286.0;24.0;8.0;2.0;0.0;31.0;54.0
SANTA LUCIA;814.0;0.0;0.0;0.0;515.0;1110.0;2449.0;0.0;0.0;0.0;1463.0;3164.0;3.0;0.0;0.0;0.0;3.0;5.0
SANTA MARIA DA SERRA;687.0;0.0;0.0;0.0;804.0;320.0;2009.0;0.0;0.0;0.0;2276.0;833.0;2.0;0.0;0.0;0.0;4.0;2.0
SANTA MERCEDES;275.0;0.0;0.0;0.0;97.0;757.0;754.0;0.0;0.0;0.0;254.0;1918.0;1.0;0.0;0.0;0.0;2.0;4.0
SANTA RITA D'OESTE;0.0;0.0;0.0;0.0;203.0;854.0;0.0;0.0;0.0;0.0;542.0;2109.0;0.0;0.0;0.0;0.0;4.0;7.0
SANTA RITA DO PASSA QUATRO;390.0;324.0;0.0;0.0;6911.0;1728.0;1090.0;877.0;0.0;0.0;17489.0;4913.0;2.0;2.0;0.0;0.0;40.0;9.0
SANTA ROSA DE VITERBO;0.0;0.0;0.0;0.0;6453.0;2087.0;0.0;0.0;0.0;0.0;17284.0;5933.0;0.0;0.0;0.0;0.0;33.0;10.0
SANTA SALETE;0.0;0.0;0.0;0.0;372.0;241.0;0.0;0.0;0.0;0.0;958.0;583.0;0.0;0.0;0.0;0.0;3.0;2.0
SANTANA DA PONTE PENSA;0.0;0.0;0.0;0.0;236.0;406.0;0.0;0.0;0.0;0.0;574.0;1026.0;0.0;0.0;0.0;0.0;2.0;4.0
SANTANA DE PARNAIBA;17457.0;10640.0;15356.0;1265.0;5613.0;1703.0;51488.0;31093.0;45670.0;3790.0;16221.0;5038.0;48.0;31.0;62.0;10.0;23.0;9.0
SANTO ANASTACIO;1079.0;463.0;0.0;0.0;3591.0;1561.0;2974.0;1184.0;0.0;0.0;9136.0;4082.0;6.0;2.0;0.0;0.0;21.0;9.0
SANTO ANDRE;9643.0;19908.0;32495.0;33597.0;177754.0;5028.0;27929.0;52988.0;81845.0;98153.0;465041.0;14239.0;57.0;112.0;179.0;195.0;975.0;31.0
SANTO ANTONIO DA ALEGRIA;601.0;257.0;0.0;0.0;966.0;742.0;1504.0;729.0;0.0;0.0;2530.0;1993.0;2.0;1.0;0.0;0.0;8.0;3.0
SANTO ANTONIO DE POSSE;3400.0;1465.0;0.0;0.0;2653.0;355.0;10057.0;4341.0;0.0;0.0;7409.0;978.0;15.0;9.0;0.0;0.0;18.0;2.0
SANTO ANTONIO DO ARACANGUA;534.0;63.0;0.0;0.0;936.0;1318.0;1493.0;199.0;0.0;0.0;2507.0;3394.0;5.0;1.0;0.0;0.0;11.0;11.0
SANTO ANTONIO DO JARDIM;0.0;210.0;0.0;0.0;536.0;1343.0;0.0;599.0;0.0;0.0;1458.0;3929.0;0.0;1.0;0.0;0.0;3.0;9.0
SANTO ANTONIO DO PINHAL;340.0;234.0;0.0;0.0;1005.0;873.0;956.0;640.0;0.0;0.0;2729.0;2400.0;3.0;2.0;0.0;0.0;9.0;7.0
SANTO EXPEDITO;292.0;42.0;0.0;0.0;46.0;778.0;760.0;115.0;0.0;0.0;122.0;1918.0;4.0;1.0;0.0;0.0;1.0;5.0
SANTOPOLIS DO AGUAPEI;473.0;0.0;0.0;0.0;156.0;790.0;1214.0;0.0;0.0;0.0;417.0;2132.0;2.0;0.0;0.0;0.0;1.0;4.0
SANTOS;3747.0;10210.0;40144.0;16713.0;93338.0;2861.0;10446.0;24045.0;95718.0;45789.0;232084.0;7450.0;25.0;55.0;238.0;106.0;528.0;20.0
SAO BENTO DO SAPUCAI;284.0;507.0;0.0;0.0;2427.0;775.0;817.0;1390.0;0.0;0.0;6451.0;2124.0;2.0;4.0;0.0;0.0;21.0;8.0
SAO BERNARDO DO CAMPO;11005.0;28554.0;28107.0;55038.0;157611.0;19492.0;31075.0;73822.0;75769.0;157549.0;414463.0;54453.0;65.0;151.0;178.0;297.0;859.0;114.0
SAO CAETANO DO SUL;0.0;1576.0;19663.0;0.0;40444.0;257.0;0.0;4059.0;52426.0;0.0;107655.0;678.0;0.0;11.0;140.0;0.0;265.0;2.0
SAO CARLOS;13479.0;19722.0;7001.0;111.0;48206.0;7783.0;39049.0;45789.0;18349.0;362.0;126728.0;22503.0;52.0;91.0;32.0;3.0;228.0;38.0
SAO FRANCISCO;44.0;0.0;0.0;0.0;432.0;568.0;135.0;0.0;0.0;0.0;1086.0;1381.0;1.0;0.0;0.0;0.0;3.0;3.0
SAO JOAO DA BOA VISTA;1980.0;5332.0;859.0;0.0;20586.0;5625.0;5192.0;14166.0;2410.0;0.0;53499.0;16254.0;9.0;26.0;5.0;0.0;103.0;27.0
SAO JOAO DAS DUAS PONTES;0.0;0.0;0.0;0.0;48.0;932.0;0.0;0.0;0.0;0.0;131.0;2444.0;0.0;0.0;0.0;0.0;1.0;7.0
SAO JOAO DE IRACEMA;126.0;0.0;0.0;0.0;106.0;446.0;345.0;0.0;0.0;0.0;296.0;1182.0;1.0;0.0;0.0;0.0;2.0;2.0
SAO JOAO DO PAU D'ALHO;49.0;0.0;0.0;0.0;169.0;626.0;135.0;0.0;0.0;0.0;423.0;1469.0;1.0;0.0;0.0;0.0;3.0;4.0
SAO JOAQUIM DA BARRA;2340.0;1728.0;0.0;0.0;11388.0;1786.0;6806.0;4834.0;0.0;0.0;31142.0;5204.0;9.0;9.0;0.0;0.0;58.0;10.0
SAO JOSE DA BELA VISTA;2022.0;111.0;0.0;0.0;138.0;396.0;5812.0;302.0;0.0;0.0;365.0;1118.0;10.0;1.0;0.0;0.0;3.0;3.0
SAO JOSE DO BARREIRO;339.0;0.0;0.0;0.0;164.0;912.0;899.0;0.0;0.0;0.0;418.0;2452.0;2.0;0.0;0.0;0.0;1.0;8.0
SAO JOSE DO RIO PARDO;1601.0;910.0;62.0;0.0;11088.0;4877.0;5024.0;2344.0;188.0;0.0;29577.0;14216.0;7.0;5.0;1.0;0.0;59.0;27.0
SAO JOSE DO RIO PRETO;20619.0;44768.0;19934.0;0.0;86665.0;12978.0;56406.0;107949.0;51395.0;0.0;224317.0;35420.0;101.0;248.0;115.0;0.0;498.0;72.0
SAO JOSE DOS CAMPOS;27057.0;35457.0;33034.0;2157.0;126417.0;22333.0;84123.0;94587.0;85458.0;6441.0;353016.0;67278.0;143.0;210.0;231.0;19.0;719.0;133.0
SAO LOURENCO DA SERRA;1819.0;683.0;0.0;0.0;1543.0;1575.0;4944.0;1860.0;0.0;0.0;4360.0;4270.0;13.0;5.0;0.0;0.0;12.0;15.0
SAO LUIZ DO PARAITINGA;196.0;0.0;0.0;0.0;1238.0;2713.0;511.0;0.0;0.0;0.0;2963.0;6781.0;1.0;0.0;0.0;0.0;9.0;19.0
SAO MANUEL;2408.0;528.0;0.0;0.0;6835.0;3442.0;7393.0;1508.0;0.0;0.0;18259.0;9272.0;12.0;3.0;0.0;0.0;45.0;22.0
SAO MIGUEL ARCANJO;3427.0;302.0;0.0;0.0;3486.0;3897.0;9738.0;836.0;0.0;0.0;9605.0;11374.0;18.0;2.0;0.0;0.0;21.0;24.0
SAO PAULO;381445.0;510069.0;808101.0;582319.0;1752049.0;254498.0;1085667.0;1308816.0;1874333.0;1703098.0;4651411.0;717837.0;2114.0;2859.0;5816.0;3673.0;9949.0;1464.0
SAO PEDRO;1557.0;1252.0;152.0;441.0;9224.0;1094.0;4650.0;3457.0;412.0;1506.0;24470.0;3063.0;7.0;8.0;1.0;1.0;59.0;5.0
SAO PEDRO DO TURVO;820.0;0.0;0.0;0.0;1108.0;630.0;2308.0;0.0;0.0;0.0;3009.0;1757.0;5.0;0.0;0.0;0.0;12.0;7.0
SAO ROQUE;1760.0;3439.0;904.0;698.0;17298.0;3388.0;5276.0;9293.0;2467.0;2216.0;46642.0;10376.0;9.0;15.0;7.0;6.0;86.0;24.0
SAO SEBASTIAO;4472.0;2134.0;428.0;8326.0;11337.0;1216.0;13092.0;5770.0;1149.0;24678.0;30179.0;3568.0;30.0;18.0;5.0;50.0;101.0;8.0
SAO SEBASTIAO DA GRAMA;71.0;293.0;0.0;0.0;1934.0;1512.0;215.0;810.0;0.0;0.0;5071.0;4144.0;1.0;3.0;0.0;0.0;11.0;8.0
SAO SIMAO;290.0;0.0;0.0;0.0;3597.0;913.0;885.0;0.0;0.0;0.0;9545.0;2785.0;1.0;0.0;0.0;0.0;23.0;5.0
SAO VICENTE;6934.0;10474.0;337.0;28704.0;62744.0;10138.0;19992.0;28059.0;871.0;84765.0;160874.0;28541.0;33.0;51.0;2.0;160.0;317.0;53.0
SARAPUI;456.0;953.0;230.0;0.0;834.0;1147.0;1219.0;2584.0;685.0;0.0;2339.0;3239.0;3.0;4.0;1.0;0.0;7.0;10.0
SARUTAIA;519.0;0.0;0.0;0.0;189.0;622.0;1381.0;0.0;0.0;0.0;472.0;1710.0;3.0;0.0;0.0;0.0;2.0;5.0
SEBASTIANOPOLIS DO SUL;108.0;0.0;0.0;0.0;446.0;692.0;285.0;0.0;0.0;0.0;1156.0;1683.0;1.0;0.0;0.0;0.0;3.0;4.0
SERRA AZUL;655.0;0.0;0.0;0.0;766.0;1508.0;2046.0;0.0;0.0;0.0;2189.0;4381.0;3.0;0.0;0.0;0.0;4.0;9.0
SERRA NEGRA;1113.0;702.0;0.0;0.0;6769.0;2331.0;3074.0;1940.0;0.0;0.0;17060.0;7009.0;7.0;4.0;0.0;0.0;47.0;14.0
SERRANA;7990.0;2927.0;290.0;0.0;2032.0;1638.0;23566.0;8573.0;810.0;0.0;5914.0;4892.0;36.0;14.0;1.0;0.0;10.0;11.0
SERTAOZINHO;8605.0;5633.0;1986.0;0.0;23255.0;6322.0;24167.0;15065.0;5399.0;0.0;63859.0;18029.0;50.0;36.0;13.0;0.0;139.0;37.0
SETE BARRAS;1311.0;66.0;0.0;0.0;633.0;2335.0;3775.0;179.0;0.0;0.0;1826.0;6472.0;8.0;1.0;0.0;0.0;2.0;18.0
SEVERINIA;2548.0;314.0;0.0;0.0;945.0;1224.0;7423.0;996.0;0.0;0.0;2668.0;3370.0;14.0;2.0;0.0;0.0;8.0;7.0
SILVEIRAS;80.0;0.0;0.0;0.0;603.0;1487.0;202.0;0.0;0.0;0.0;1647.0;4171.0;1.0;0.0;0.0;0.0;3.0;15.0
SOCORRO;1884.0;1216.0;75.0;0.0;7749.0;3862.0;4999.0;3083.0;212.0;0.0;20101.0;10684.0;14.0;9.0;1.0;0.0;63.0;34.0
SOROCABA;22376.0;68365.0;23655.0;3777.0;134684.0;8065.0;67002.0;182069.0;63610.0;11731.0;369689.0;23644.0;96.0;262.0;112.0;35.0;549.0;38.0
SUD MENNUCCI;56.0;0.0;0.0;0.0;524.0;2082.0;160.0;0.0;0.0;0.0;1377.0;5395.0;1.0;0.0;0.0;0.0;5.0;12.0
SUMARE;18114.0;21878.0;1757.0;3670.0;43927.0;8977.0;52932.0;61638.0;5313.0;10979.0;122124.0;25661.0;69.0;87.0;6.0;20.0;200.0;39.0
SUZANAPOLIS;0.0;102.0;0.0;0.0;77.0;1100.0;0.0;260.0;0.0;0.0;225.0;2922.0;0.0;1.0;0.0;0.0;1.0;7.0
SUZANO;21820.0;10276.0;987.0;6637.0;44608.0;20750.0;65055.0;28103.0;2848.0;20714.0;126592.0;61533.0;116.0;58.0;8.0;52.0;253.0;120.0
TABAPUA;195.0;289.0;0.0;0.0;1617.0;2085.0;553.0;842.0;0.0;0.0;4050.0;5401.0;2.0;2.0;0.0;0.0;11.0;14.0
TABATINGA;1699.0;837.0;0.0;55.0;1428.0;1460.0;4569.0;2132.0;0.0;154.0;3828.0;3948.0;9.0;5.0;0.0;1.0;10.0;9.0
TABOAO DA SERRA;14083.0;19960.0;3731.0;14551.0;38855.0;8026.0;38960.0;53923.0;10804.0;41909.0;104601.0;22507.0;80.0;113.0;22.0;91.0;225.0;49.0
TACIBA;376.0;86.0;0.0;0.0;964.0;831.0;1154.0;229.0;0.0;0.0;2494.0;2198.0;2.0;1.0;0.0;0.0;7.0;4.0
TAGUAI;2440.0;497.0;0.0;0.0;721.0;664.0;7183.0;1466.0;0.0;0.0;2009.0;1913.0;16.0;3.0;0.0;0.0;6.0;6.0
TAIACU;366.0;0.0;0.0;0.0;196.0;1524.0;1069.0;0.0;0.0;0.0;498.0;4110.0;3.0;0.0;0.0;0.0;2.0;9.0
TAIUVA;319.0;274.0;0.0;0.0;795.0;679.0;843.0;751.0;0.0;0.0;2046.0;1809.0;2.0;2.0;0.0;0.0;5.0;5.0
TAMBAU;511.0;0.0;57.0;0.0;5192.0;1746.0;1641.0;0.0;158.0;0.0;14288.0;4964.0;2.0;0.0;1.0;0.0;30.0;10.0
TANABI;1860.0;364.0;122.0;0.0;4417.0;2764.0;5213.0;969.0;364.0;0.0;11392.0;7230.0;10.0;2.0;1.0;0.0;24.0;17.0
TAPIRAI;1300.0;0.0;0.0;0.0;336.0;1114.0;3704.0;0.0;0.0;0.0;934.0;3124.0;8.0;0.0;0.0;0.0;2.0;9.0
TAPIRATIBA;497.0;349.0;0.0;0.0;1993.0;1251.0;1538.0;960.0;0.0;0.0;5404.0;3534.0;3.0;2.0;0.0;0.0;11.0;7.0
TAQUARAL;44.0;0.0;0.0;0.0;95.0;810.0;133.0;0.0;0.0;0.0;299.0;2187.0;1.0;0.0;0.0;0.0;2.0;4.0
TAQUARITINGA;4132.0;2122.0;0.0;0.0;8028.0;5443.0;11901.0;5574.0;0.0;0.0;20100.0;14314.0;22.0;11.0;0.0;0.0;50.0;34.0
TAQUARITUBA;2854.0;265.0;0.0;0.0;3103.0;2072.0;8013.0;736.0;0.0;0.0;8216.0;5974.0;20.0;2.0;0.0;0.0;27.0;15.0
TAQUARIVAI;932.0;110.0;0.0;0.0;645.0;618.0;2776.0;329.0;0.0;0.0;1912.0;1772.0;7.0;1.0;0.0;0.0;4.0;4.0
TARABAI;358.0;0.0;0.0;0.0;401.0;1548.0;1032.0;0.0;0.0;0.0;1164.0;4279.0;3.0;0.0;0.0;0.0;2.0;8.0
TARUMA;390.0;519.0;0.0;0.0;1832.0;2459.0;1219.0;1570.0;0.0;0.0;5256.0;6734.0;2.0;3.0;0.0;0.0;10.0;13.0
TATUI;11827.0;6632.0;1543.0;0.0;18918.0;4546.0;35051.0;18459.0;4422.0;0.0;50744.0;12959.0;63.0;38.0;9.0;0.0;127.0;32.0
TAUBATE;9483.0;15361.0;5484.0;0.0;71537.0;10588.0;29913.0;39071.0;14873.0;0.0;193288.0;31438.0;49.0;87.0;32.0;0.0;404.0;63.0
TEJUPA;231.0;0.0;0.0;0.0;65.0;1055.0;657.0;0.0;0.0;0.0;191.0;3022.0;2.0;0.0;0.0;0.0;1.0;7.0
TEODORO SAMPAIO;3486.0;1094.0;0.0;0.0;1538.0;1978.0;9578.0;3036.0;0.0;0.0;4015.0;5465.0;17.0;7.0;0.0;0.0;9.0;12.0
TERRA ROXA;471.0;0.0;0.0;0.0;1988.0;382.0;1343.0;0.0;0.0;0.0;5209.0;1071.0;2.0;0.0;0.0;0.0;11.0;2.0
TIETE;1621.0;1247.0;104.0;0.0;8810.0;1997.0;4876.0;3594.0;265.0;0.0;22662.0;5993.0;6.0;4.0;1.0;0.0;44.0;8.0
TIMBURI;328.0;0.0;0.0;0.0;0.0;647.0;847.0;0.0;0.0;0.0;0.0;1604.0;1.0;0.0;0.0;0.0;0.0;5.0
TORRE DE PEDRA;97.0;0.0;0.0;0.0;218.0;393.0;271.0;0.0;0.0;0.0;529.0;995.0;1.0;0.0;0.0;0.0;2.0;3.0
TORRINHA;411.0;0.0;0.0;0.0;2291.0;625.0;1214.0;0.0;0.0;0.0;6089.0;1722.0;2.0;0.0;0.0;0.0;15.0;4.0
TRABIJU;70.0;0.0;0.0;0.0;0.0;528.0;204.0;0.0;0.0;0.0;0.0;1476.0;1.0;0.0;0.0;0.0;0.0;3.0
TREMEMBE;2217.0;996.0;1657.0;902.0;8130.0;989.0;6925.0;3004.0;5017.0;2787.0;22922.0;2969.0;14.0;6.0;11.0;7.0;50.0;6.0
TRES FRONTEIRAS;294.0;0.0;0.0;0.0;807.0;1398.0;803.0;0.0;0.0;0.0;2191.0;3569.0;2.0;0.0;0.0;0.0;6.0;7.0
TUIUTI;301.0;0.0;0.0;0.0;694.0;1512.0;797.0;0.0;0.0;0.0;1831.0;4095.0;3.0;0.0;0.0;0.0;7.0;14.0
TUPA;3329.0;1502.0;311.0;0.0;12281.0;6227.0;9479.0;3641.0;854.0;0.0;31544.0;16657.0;13.0;8.0;2.0;0.0;71.0;34.0
TUPI PAULISTA;0.0;399.0;0.0;0.0;4580.0;530.0;0.0;1019.0;0.0;0.0;11473.0;1373.0;0.0;2.0;0.0;0.0;29.0;5.0
TURIUBA;122.0;0.0;0.0;0.0;148.0;386.0;333.0;0.0;0.0;0.0;339.0;900.0;2.0;0.0;0.0;0.0;1.0;3.0
TURMALINA;58.0;0.0;0.0;0.0;163.0;490.0;152.0;0.0;0.0;0.0;404.0;1109.0;1.0;0.0;0.0;0.0;3.0;3.0
UBARANA;1135.0;0.0;0.0;0.0;0.0;785.0;3201.0;0.0;0.0;0.0;0.0;2160.0;7.0;0.0;0.0;0.0;0.0;4.0
UBATUBA;6668.0;2642.0;436.0;5416.0;13687.0;2835.0;19118.0;7118.0;1098.0;16095.0;35177.0;7970.0;43.0;17.0;6.0;38.0;145.0;21.0
UBIRAJARA;599.0;347.0;0.0;0.0;269.0;556.0;1661.0;983.0;0.0;0.0;750.0;1547.0;5.0;2.0;0.0;0.0;3.0;5.0
UCHOA;426.0;208.0;0.0;0.0;2276.0;961.0;1086.0;538.0;0.0;0.0;5991.0;2483.0;2.0;2.0;0.0;0.0;14.0;6.0
UNIAO PAULISTA;240.0;0.0;0.0;0.0;0.0;345.0;668.0;0.0;0.0;0.0;0.0;935.0;1.0;0.0;0.0;0.0;0.0;2.0
URANIA;0.0;0.0;0.0;0.0;1518.0;1881.0;0.0;0.0;0.0;0.0;3891.0;4818.0;0.0;0.0;0.0;0.0;10.0;11.0
URU;0.0;0.0;0.0;0.0;0.0;506.0;0.0;0.0;0.0;0.0;0.0;1311.0;0.0;0.0;0.0;0.0;0.0;3.0
URUPES;228.0;91.0;0.0;0.0;2882.0;2004.0;574.0;257.0;0.0;0.0;7506.0;5377.0;2.0;1.0;0.0;0.0;16.0;13.0
VALENTIM GENTIL;933.0;493.0;0.0;0.0;3295.0;417.0;2421.0;1432.0;0.0;0.0;8955.0;1159.0;4.0;2.0;0.0;0.0;14.0;3.0
VALINHOS;606.0;5335.0;9260.0;0.0;28960.0;1752.0;1775.0;13825.0;26601.0;0.0;77460.0;5326.0;3.0;21.0;50.0;0.0;134.0;7.0
VALPARAISO;2168.0;578.0;0.0;0.0;3203.0;1696.0;6248.0;1703.0;0.0;0.0;8425.0;4566.0;11.0;3.0;0.0;0.0;20.0;10.0
VARGEM;1247.0;173.0;0.0;0.0;1091.0;1031.0;3640.0;510.0;0.0;0.0;3114.0;2908.0;7.0;1.0;0.0;0.0;9.0;11.0
VARGEM GRANDE DO SUL;1180.0;268.0;0.0;0.0;6933.0;6157.0;3397.0;694.0;0.0;0.0;18474.0;17299.0;6.0;1.0;0.0;0.0;40.0;26.0
VARGEM GRANDE PAULISTA;3640.0;3075.0;2176.0;0.0;7475.0;1165.0;10610.0;8431.0;6692.0;0.0;21062.0;3183.0;20.0;19.0;20.0;0.0;53.0;7.0
VARZEA PAULISTA;4410.0;6756.0;145.0;4948.0;20751.0;3243.0;12650.0;19384.0;463.0;15337.0;58373.0;8681.0;25.0;37.0;1.0;27.0;124.0;18.0
VERA CRUZ;924.0;122.0;0.0;0.0;2149.0;359.0;2724.0;363.0;0.0;0.0;6042.0;955.0;4.0;1.0;0.0;0.0;13.0;3.0
VINHEDO;2091.0;6524.0;7957.0;0.0;10576.0;0.0;5935.0;18387.0;22317.0;0.0;28867.0;0.0;9.0;27.0;43.0;0.0;57.0;0.0
VIRADOURO;1594.0;814.0;76.0;0.0;2107.0;1577.0;4573.0;2259.0;210.0;0.0;5541.0;4621.0;9.0;4.0;1.0;0.0;14.0;9.0
VISTA ALEGRE DO ALTO;899.0;164.0;0.0;0.0;1377.0;403.0;2641.0;502.0;0.0;0.0;3734.0;1170.0;4.0;1.0;0.0;0.0;8.0;2.0
VITORIA BRASIL;0.0;54.0;0.0;0.0;93.0;533.0;0.0;154.0;0.0;0.0;249.0;1359.0;0.0;1.0;0.0;0.0;1.0;3.0
VOTORANTIM;3497.0;12401.0;1640.0;1373.0;24434.0;764.0;10883.0;33751.0;4606.0;4465.0;70115.0;2360.0;16.0;52.0;9.0;11.0;101.0;6.0
VOTUPORANGA;7140.0;7756.0;766.0;0.0;18139.0;3481.0;19360.0;19316.0;2019.0;0.0;46540.0;9123.0;29.0;26.0;4.0;0.0;68.0;15.0
ZACARIAS;0.0;39.0;0.0;0.0;364.0;609.0;0.0;104.0;0.0;0.0;942.0;1535.0;0.0;1.0;0.0;0.0;4.0;4.0
