municipio;acoes coletivas / individuais em saude;coleta de material;diagnostico em laboratorio clinico;diagnostico por anatomia patologica e citopatologia;diagnostico por radiologia;diagnostico por ultrasonografia;diagnostico por tomografia;diagnostico por ressonancia magnetica;diagnostico por medicina nuclear in vivo;diagnostico por endoscopia;diagnostico por radiologia intervencionista;metodos diagnosticos em especialidades;diagnostico e procedimentos especiais em hemoterapia;diagnostico por teste rapido;consultas / atendimentos / acompanhamentos;fisioterapia;tratamentos clinicos (outras especialidades);tratamento em oncologia;tratamento em nefrologia;hemoterapia;tratamentos odontologicos;tratamento de lesoes, envenenamentos e outros, decorrentes de causas externas;terapias especializadas;parto e nascimento;pequenas cirurgias e cirurgias de pele, tecido subcutaneo e mucosa;cirurgia de glandulas endocrinas;cirurgia do sistema nervoso central e periferico;cirurgia das vias aereas superiores, da face, da cabeca e do pescoco;cirurgia do aparelho da visao;cirurgia do aparelho circulatorio;cirurgia do aparelho digestivo, orgaos anexos e parede abdominal;cirurgia do sistema osteomuscular;cirurgia do aparelho geniturinario;cirurgia de mama;cirurgia obstetrica;cirurgia toracica;cirurgia reparadora;bucomaxilofacial;outras cirurgias;cirurgia em oncologia;cirurgia em nefrologia;coleta e exames para fins de doacao de orgaos, tecidos e celulas e de transplante;avaliacao de morte encefalica;acoes relacionadas a doacao de orgaos e tecidos para transplante;processamento de tecidos para transplante;transplante de orgaos, tecidos e celulas;acompanhamento e intercorrencias no pre e pos-transplante;medicamentos de ambito hospitalar e urgencia;orteses, proteses e materiais especiais relacionados ao ato cirurgico;acoes relacionadas ao estabelecimento;acoes relacionadas ao atendimento;total
ADAMANTINA;;2.0;5221.0;39.0;180.0;69.0;144.0;;;6.0;;144.0;232.0;62.0;1029.0;915.0;3595.0;;30.0;107.0;;6.0;5.0;3.0;33.0;;;2.0;;;41.0;33.0;4.0;;30.0;4.0;;1.0;;;4.0;;;;;;;106.0;49.0;12.0;996.0;13104
AGUAS DE LINDOIA;;;;;17.0;28.0;;;;;;40.0;;;21.0;;60.0;1.0;3.0;19.0;;;;1.0;32.0;;;;;;6.0;4.0;;;6.0;;;;3.0;;;;;;;;;;7.0;;265.0;513
AGUDOS;;;346.0;;8.0;;;;;;;3.0;;20.0;24.0;;14.0;;;;;;;7.0;1.0;;1.0;1.0;;2.0;33.0;21.0;13.0;;15.0;;1.0;;;;;;;;;;;;8.0;;;518
ALTINOPOLIS;;;669.0;;32.0;3.0;;;;;;33.0;;288.0;936.0;53.0;84.0;;5.0;;;13.0;;;;;;;;;;;;;;;;;;;;;;;;;;4.0;;;82.0;2202
ALTO ALEGRE;;;46.0;;5.0;;;;;;;;;2.0;11.0;;9.0;;;16.0;;;;;;;;;;;;;;;;;;;;;;;;;;;;;;;;89
ALVARES MACHADO;;;421.0;;12.0;;;;;;;32.0;;;323.0;;41.0;;3.0;;;;;;;;;;;;;;;;;;;;;;;;;;;;;;;;;832
AMERICANA;;1.0;7992.0;103.0;105.0;191.0;160.0;16.0;;10.0;1.0;585.0;276.0;122.0;3591.0;3982.0;523.0;15.0;28.0;171.0;;9.0;210.0;49.0;4.0;;2.0;2.0;;;43.0;62.0;45.0;2.0;80.0;7.0;;;11.0;;4.0;;;;;;;29.0;43.0;111.0;2229.0;20814
AMERICO BRASILIENSE;;;534.0;;2.0;4.0;;;;;;7.0;;;133.0;;17.0;;2.0;;;;;;;;;;;;;;;;;;;;;;;;;;;;;;;;138.0;837
AMPARO;;;6031.0;37.0;236.0;67.0;158.0;;;;;271.0;;192.0;2064.0;2472.0;4787.0;4.0;39.0;74.0;;4.0;;7.0;179.0;;;1.0;;;24.0;28.0;6.0;;47.0;4.0;;;3.0;;;;;;;;;3.0;35.0;;1098.0;17871
ANGATUBA;;;1702.0;;248.0;;;;;;;83.0;;17.0;709.0;225.0;84.0;2.0;5.0;11.0;;6.0;;7.0;;;;;;;8.0;;5.0;;11.0;;;;;;;;;;;;;;;11.0;737.0;3871
APARECIDA D'OESTE;;;8.0;;;;;;;;;;;;30.0;;1.0;;;;;;;;;;;;;;;;;;;;;;;;;;;;;;;;;;6.0;45
APIAI;;10.0;412.0;;68.0;3.0;;;;;;105.0;;943.0;818.0;63.0;87.0;1.0;1.0;14.0;;1.0;;9.0;139.0;;1.0;2.0;;;7.0;4.0;3.0;;12.0;;;;;;;;;;;;;16.0;;;393.0;3112
ARACATUBA;;;109.0;;;;;;;;;;;;;;1860.0;;;;;;;;;;;;;;;;;;;;;;;;;;;;;;;;;;;1969
ARANDU;;;;;;;;;;;;;;;;;7.0;;;;;;;;;;;;;;;;;;;;;;;;;;;;;;;;;;;7
ARARAQUARA;;24.0;16410.0;579.0;1135.0;333.0;490.0;60.0;;61.0;28.0;868.0;;10.0;5855.0;7095.0;1050.0;251.0;103.0;233.0;;14.0;588.0;50.0;288.0;;11.0;19.0;30.0;101.0;111.0;103.0;47.0;2.0;71.0;37.0;;3.0;14.0;63.0;;4.0;4.0;6.0;;5.0;;160.0;790.0;;3225.0;40331
ARARAS;;12.0;11504.0;167.0;741.0;93.0;110.0;1.0;;12.0;;791.0;210.0;;20480.0;3170.0;161.0;86.0;43.0;156.0;;3.0;698.0;30.0;137.0;;4.0;14.0;;30.0;95.0;52.0;44.0;1.0;56.0;20.0;1.0;;9.0;8.0;3.0;;;;;;;8.0;221.0;;1895.0;41066
AREALVA;;;;;;;;;;;;;;;6.0;;8.0;;1.0;;;;;;;;;;;;;;;;3.0;;;;;;;;;;;;;;;;;18
ARUJA;;60.0;2784.0;16.0;16.0;23.0;29.0;;;;;352.0;;220.0;2440.0;;85.0;1.0;1.0;24.0;;5.0;;30.0;;;;;;;;;4.0;;39.0;;;;;;;;;;;;;;;;2.0;6131
ASSIS;;1.0;3722.0;80.0;112.0;226.0;65.0;;;7.0;;153.0;27.0;42.0;939.0;712.0;90.0;;6.0;22.0;;3.0;66.0;16.0;663.0;;5.0;5.0;;37.0;44.0;153.0;53.0;1.0;32.0;143.0;7.0;;13.0;;;;;;;;;17.0;120.0;85.0;828.0;8495
ATIBAIA;;;3438.0;;279.0;24.0;;;;3.0;;100.0;;;961.0;;130.0;10.0;12.0;19.0;;8.0;;23.0;;;;;;;31.0;57.0;48.0;;21.0;1.0;;;;;;;;;;;;;;;528.0;5693
AURIFLAMA;;;240.0;30.0;8.0;;;;;;;7.0;;;116.0;53.0;37.0;;4.0;14.0;;;;1.0;1.0;;;;;;23.0;;30.0;2.0;6.0;;;;;;;;;;;;;;2.0;;137.0;711
AVARE;;1.0;5816.0;84.0;376.0;51.0;140.0;11.0;;1.0;;468.0;70.0;134.0;1923.0;1448.0;207.0;7.0;33.0;72.0;;13.0;6.0;45.0;1084.0;;21.0;1.0;;4.0;81.0;184.0;26.0;;30.0;7.0;6.0;;38.0;2.0;3.0;;;;;;;3.0;190.0;;1723.0;14309
BARIRI;;;2010.0;;99.0;17.0;;;;;;99.0;31.0;10.0;636.0;12.0;97.0;;3.0;30.0;;8.0;;1.0;1.0;;;;;;24.0;3.0;6.0;;9.0;1.0;;;;;;;;;;;;;;;597.0;3694
BARRA BONITA;;;1587.0;11.0;86.0;44.0;;;;2.0;;97.0;85.0;828.0;1061.0;328.0;97.0;2.0;6.0;43.0;;3.0;;5.0;45.0;1.0;;;;;19.0;17.0;1.0;;15.0;;;;2.0;;;;;;;;;19.0;24.0;;428.0;4856
BARRETOS;;4.0;11687.0;79.0;543.0;279.0;547.0;15.0;;44.0;7.0;752.0;261.0;;2263.0;2196.0;591.0;2.0;35.0;146.0;;15.0;400.0;25.0;2.0;;4.0;6.0;;48.0;48.0;106.0;27.0;;55.0;13.0;1.0;2.0;15.0;;4.0;;;;;;;48.0;306.0;5.0;1281.0;21862
BARUERI;;241.0;50628.0;202.0;835.0;385.0;650.0;;;108.0;;2842.0;389.0;28463.0;34420.0;2452.0;1353.0;43.0;144.0;385.0;;15.0;888.0;177.0;281.0;10.0;28.0;47.0;145.0;23.0;304.0;145.0;282.0;16.0;165.0;43.0;7.0;;26.0;;;;;16.0;;;;212.0;117.0;13.0;6119.0;132619
BASTOS;;;245.0;;29.0;;;;;;;;3.0;;103.0;;63.0;;1.0;3.0;;1.0;;;;;;;;;12.0;;8.0;;;;;;;;;;;;;;;;;;105.0;573
BATATAIS;;1.0;4293.0;35.0;275.0;58.0;128.0;;;;;247.0;;76.0;1749.0;1494.0;488.0;6.0;11.0;54.0;;11.0;428.0;4.0;9.0;;;2.0;102.0;;34.0;47.0;13.0;;35.0;7.0;2.0;;;;3.0;;;;;;;70.0;70.0;;734.0;10486
BAURU;;;;;;;;;;;;;;;2.0;;2.0;;;;;;;;;;;;;;;;;;;;;;;;;;;;;;;;;;;4
BEBEDOURO;;;1817.0;55.0;1.0;13.0;;;;;;115.0;;1010.0;1409.0;13.0;56.0;;4.0;21.0;;;;20.0;73.0;;;;;1.0;59.0;9.0;25.0;;56.0;2.0;;;1.0;;;;;;;;;4.0;11.0;;338.0;5113
BERNARDINO DE CAMPOS;;;458.0;;13.0;;;;;;;34.0;;;513.0;;50.0;2.0;4.0;;;;;;;;;;;;;;;;;;;;;;;;;;;;;;;;64.0;1138
BERTIOGA;;;264.0;;;;;;;;;;;66.0;1666.0;;97.0;3.0;9.0;;;3.0;;38.0;44.0;;;;19.0;;8.0;22.0;19.0;1.0;36.0;;;;;;;;;;;;;;;;319.0;2614
BILAC;;;;;;;;;;;;1.0;;;3.0;;7.0;;;;;;;;;;;;;;;;;;;;;;;;;;;;;;;;;;;11
BIRIGUI;;;5274.0;43.0;497.0;;;;;;;373.0;150.0;63.0;1734.0;;169.0;;;153.0;;13.0;;30.0;1.0;;;3.0;;;28.0;79.0;21.0;;27.0;6.0;;;13.0;;;;;;;;;4.0;72.0;;1436.0;10189
BOA ESPERANCA DO SUL;;;46.0;;;;;;;;;1.0;;;10.0;;6.0;;;;;;;;;;;;;;;;;;;;;;;;;;;;;;;;;;24.0;87
BOCAINA;;;49.0;;18.0;3.0;;;;;;7.0;;;;;10.0;;;;;;;;;;;;;;;;;;;;;;;;;;;;;;;;;;31.0;118
BOITUVA;;45.0;1924.0;33.0;67.0;18.0;49.0;;;;;114.0;;1615.0;1095.0;189.0;97.0;;5.0;6.0;;4.0;2.0;23.0;7.0;;;;;2.0;15.0;;18.0;;28.0;1.0;;;;;;;;;;;;21.0;2.0;;382.0;5762
BOM JESUS DOS PERDOES;;;;;6.0;;;;;;;7.0;;;57.0;;13.0;;;;;;;;;;;;;;;;;;;;;;;;;;;;;;;;;;33.0;116
BORBOREMA;;;301.0;16.0;16.0;;;;;;;8.0;14.0;;905.0;;26.0;4.0;1.0;7.0;;1.0;;;;;;;;;7.0;;1.0;;10.0;;;;;;;;;;;;;3.0;2.0;;132.0;1454
BRAGANCA PAULISTA;;;5093.0;150.0;526.0;79.0;224.0;;;13.0;;221.0;53.0;95.0;2207.0;1207.0;181.0;2.0;8.0;34.0;;9.0;254.0;26.0;6.0;;;1.0;98.0;11.0;61.0;73.0;44.0;;63.0;10.0;;;5.0;;;;;;;;;24.0;137.0;71.0;1083.0;12069
BROTAS;;;420.0;;33.0;2.0;;;;;;29.0;;327.0;996.0;204.0;42.0;6.0;2.0;5.0;;1.0;;4.0;;;;;;;;13.0;;;7.0;;1.0;;;;;;;;;;;;7.0;;301.0;2400
BURITAMA;;;492.0;;27.0;6.0;;;;;;33.0;;;162.0;;40.0;;;;;1.0;;6.0;;;;;;;;;;;4.0;;;;;;;;;;;;;;;;139.0;910
CACAPAVA;;2.0;1420.0;29.0;173.0;15.0;70.0;1.0;;3.0;;144.0;136.0;5109.0;1669.0;2699.0;120.0;;24.0;54.0;;5.0;;10.0;95.0;;2.0;;;4.0;34.0;20.0;18.0;;12.0;56.0;;;4.0;;4.0;;;;;;;;36.0;;1152.0;13120
CACHOEIRA PAULISTA;;;242.0;;54.0;;;;;;;20.0;;1191.0;271.0;;57.0;1.0;4.0;;;;;;;;;;;;;;;;;;;;;;;;;;;;;;;;23.0;1863
CAFELANDIA;;;328.0;;32.0;4.0;;;;;;21.0;;;72.0;8.0;29.0;;1.0;;;1.0;;;;;;;;;;1.0;;;6.0;;;;;;;;;;;;;;;;112.0;615
CAIEIRAS;;;300.0;;;;;;;;;13.0;;;400.0;;46.0;3.0;11.0;;;1.0;;;;;;;;;;;;;;;;;;;;;;;;;;;;;;774
CAJAMAR;;;3053.0;;217.0;17.0;99.0;;;;;133.0;;142.0;3082.0;;102.0;;;;;3.0;;24.0;;;;;;;;;46.0;;33.0;;;;;;;;;;;;;;;;;6951
CAJOBI;;;54.0;;;;;;;;;2.0;;2.0;43.0;;9.0;;;;;;;;4.0;;;1.0;;;2.0;;2.0;;2.0;;;;;;;;;;;;;;;2.0;28.0;151
CAJURU;;;1668.0;61.0;59.0;45.0;53.0;;;2.0;;62.0;60.0;;299.0;225.0;147.0;;8.0;;;11.0;;2.0;27.0;;2.0;;;;12.0;8.0;15.0;;22.0;;;;2.0;;;;;;;;;;4.0;;611.0;3405
CAMPINAS;;497.0;88141.0;2191.0;3105.0;1176.0;2380.0;235.0;;110.0;19.0;2338.0;;2380.0;43492.0;24484.0;2249.0;134.0;501.0;1131.0;;48.0;1690.0;232.0;3562.0;3.0;54.0;130.0;75.0;184.0;439.0;432.0;355.0;34.0;356.0;110.0;25.0;1.0;77.0;103.0;25.0;;;;;1.0;;766.0;1568.0;335.0;16623.0;201791
CAMPO LIMPO PAULISTA;;2.0;9103.0;25.0;523.0;49.0;181.0;;;;;148.0;;3352.0;3693.0;1663.0;162.0;2.0;27.0;29.0;;34.0;9.0;30.0;83.0;;;;;22.0;2.0;;3.0;;54.0;16.0;;;;;2.0;;;;;;;70.0;1.0;;896.0;20181
CAMPOS DO JORDAO;;;1444.0;;26.0;9.0;;;;;;64.0;;1597.0;889.0;76.0;106.0;;2.0;;;6.0;;13.0;1.0;;;;;;8.0;;14.0;;38.0;;;;;;;;;;;;;;;;426.0;4719
CANDIDO MOTA;;;632.0;64.0;34.0;20.0;;;;4.0;;15.0;;;21.0;894.0;74.0;8.0;2.0;25.0;;6.0;;4.0;3.0;;;2.0;;3.0;43.0;11.0;77.0;1.0;11.0;;;;4.0;;;;;;;;;;7.0;;396.0;2361
CAPAO BONITO;;;1580.0;;120.0;12.0;;;;2.0;;79.0;43.0;47.0;719.0;300.0;100.0;3.0;1.0;28.0;;3.0;;21.0;;;;;;;8.0;2.0;20.0;;27.0;1.0;;;;;;;;;;;;4.0;;;654.0;3774
CAPIVARI;;;3339.0;27.0;192.0;57.0;51.0;;;2.0;;261.0;;28.0;1865.0;485.0;123.0;14.0;21.0;22.0;;6.0;;18.0;95.0;;;1.0;;2.0;14.0;16.0;16.0;1.0;30.0;26.0;3.0;1.0;3.0;;3.0;;;;;;;7.0;18.0;;554.0;7301
CARAGUATATUBA;;2.0;9150.0;87.0;292.0;207.0;323.0;;;26.0;;535.0;179.0;2440.0;2309.0;1205.0;445.0;4.0;70.0;139.0;;22.0;;45.0;6.0;;1.0;2.0;8.0;12.0;49.0;59.0;53.0;4.0;104.0;9.0;2.0;1.0;17.0;;;;;;;;;51.0;78.0;118.0;1450.0;19504
CARAPICUIBA;;122.0;;;130.0;;;;;;;30.0;;;1346.0;;150.0;2.0;6.0;;;7.0;;;;;;;;;;;;;;;;;;;;;;;;;;;;;174.0;1967
CASA BRANCA;;;478.0;14.0;27.0;14.0;;;;;;29.0;;;424.0;;56.0;;2.0;21.0;;1.0;;;87.0;;;;16.0;;21.0;18.0;9.0;;;;;;;;;;;;;;;;4.0;;69.0;1290
CASTILHO;;;140.0;;11.0;;;;;;;4.0;;;301.0;42.0;29.0;1.0;4.0;;;;;;;;;;;;;;;;;;;;;;;;;;;;;;;;125.0;657
CATANDUVA;;;1219.0;;;;;;;;;;;;;;3741.0;;;;;;;;;;;;;;;;;;;;;;;;;;;;;;;;;;;4960
CERQUEIRA CESAR;;;326.0;;24.0;;;;;;;83.0;9.0;13.0;416.0;32.0;57.0;2.0;3.0;;;7.0;;4.0;3.0;;;;;;4.0;;2.0;1.0;11.0;;;;;;;;;;;;;;;;233.0;1230
CERQUILHO;;;455.0;;42.0;;;;;;;21.0;;589.0;149.0;34.0;15.0;1.0;;9.0;;;;;;;;;;;;;;;;;;;;;;;;;;;;4.0;;;126.0;1445
CESARIO LANGE;;;284.0;;16.0;;2.0;;;;;8.0;;;2.0;;20.0;;;;;1.0;;;;;;;;;5.0;;;;;;;;;;;;;;;;;;;;84.0;422
CHARQUEADA;;;302.0;;;;;;;;;;;;18.0;;12.0;;1.0;;;;;;;;;;;;;;;;;;;;;;;;;;;;;;;;17.0;350
COLINA;;;11.0;;;;;;;;;;;;17.0;392.0;46.0;;9.0;;;1.0;;3.0;;;;;;;6.0;7.0;3.0;;8.0;;;;1.0;;;;;;;;;;2.0;;316.0;822
COLOMBIA;;;;;;;;;;;;;;;3.0;;;;;;;;;;;;;;;;;;;;;;;;;;;;;;;;;;;;;3
CONCHAL;;;45.0;14.0;10.0;;25.0;;;;;51.0;14.0;352.0;285.0;58.0;61.0;2.0;1.0;7.0;;2.0;;18.0;61.0;;;;;;20.0;11.0;1.0;;5.0;;;;;;;;;;;;;;12.0;16.0;154.0;1225
CONCHAS;;;;;;;;;;;;10.0;;;254.0;;41.0;2.0;1.0;;;1.0;;;1.0;;;;;;;;;;;;;;;;;;;;;;;;;;59.0;369
COSMOPOLIS;;1.0;3119.0;;83.0;20.0;15.0;;;4.0;;16.0;;;433.0;;40.0;;2.0;;;;;9.0;;;1.0;;;;2.0;19.0;2.0;;15.0;;;;1.0;;;;;;;;;;;;167.0;3949
CRAVINHOS;;;457.0;;1.0;2.0;6.0;;;;;9.0;;;;31.0;36.0;;;;;3.0;;;;;;;;;;;;;;;;;;;;;;;;;;;;;74.0;619
CRUZEIRO;;3.0;9791.0;83.0;242.0;73.0;153.0;;;18.0;;582.0;204.0;213.0;3549.0;1807.0;226.0;10.0;48.0;112.0;;11.0;53.0;30.0;725.0;;;;;2.0;60.0;28.0;7.0;2.0;45.0;9.0;;;7.0;;1.0;;2.0;4.0;;;;108.0;91.0;;2910.0;21209
CUBATAO;;3.0;9675.0;173.0;283.0;151.0;136.0;;;25.0;;416.0;47.0;75.0;10710.0;1416.0;207.0;9.0;69.0;30.0;;11.0;216.0;48.0;176.0;;51.0;3.0;;5.0;54.0;164.0;76.0;;40.0;8.0;1.0;2.0;20.0;;7.0;;;;;;;26.0;108.0;1.0;2119.0;26561
CUNHA;;;687.0;23.0;53.0;5.0;;;;;;26.0;2.0;22.0;338.0;85.0;59.0;;1.0;1.0;;3.0;;2.0;84.0;;;;;2.0;12.0;;9.0;;9.0;;;;;;;;;;;;;;;6.0;243.0;1672
DESCALVADO;;;550.0;10.0;7.0;;;;;;;54.0;;241.0;1807.0;80.0;62.0;4.0;2.0;18.0;;3.0;;1.0;94.0;;4.0;1.0;;9.0;9.0;16.0;10.0;;15.0;;;;3.0;;;;;;;;;18.0;15.0;12.0;115.0;3160
DIADEMA;;;34555.0;;1263.0;161.0;205.0;;;;;583.0;192.0;80.0;10010.0;3837.0;581.0;6.0;121.0;267.0;;8.0;1150.0;29.0;180.0;;;;;;56.0;35.0;47.0;2.0;41.0;13.0;;;2.0;;12.0;;;;;;;282.0;17.0;;2415.0;56150
DOIS CORREGOS;;;387.0;;53.0;;;;;;;16.0;12.0;574.0;1634.0;244.0;73.0;;6.0;12.0;;;;5.0;;;;;;;2.0;4.0;;;5.0;;;;;;;;;;;;;;1.0;7.0;508.0;3543
DRACENA;;;6875.0;24.0;240.0;53.0;96.0;;;;;375.0;157.0;59.0;776.0;1524.0;148.0;3.0;29.0;91.0;;3.0;226.0;1.0;3.0;;;;;;19.0;27.0;1.0;;31.0;10.0;1.0;;;;7.0;;;;;;;7.0;42.0;;1012.0;11840
DUARTINA;295.0;174.0;529.0;;68.0;3.0;;;;;;15.0;;433.0;1154.0;;69.0;1.0;2.0;10.0;;11.0;589.0;;13.0;;;;;;;1.0;4.0;;2.0;;;;;;;;;;;;;;;2.0;183.0;3558
EMBU DAS ARTES;;;38.0;;;;61.0;;;;;154.0;;38.0;2579.0;;220.0;4.0;5.0;;;9.0;;20.0;47.0;;;;;;;;103.0;;29.0;;;;;;;;;;;;;15.0;;;204.0;3526
EMBU-GUACU;;;;;;;;;;;;;;;;;137.0;4.0;1.0;;;31.0;;;;;;;;;;;4.0;;;;;;;;;;;;;;;;;;;177
ESPIRITO SANTO DO PINHAL;;;5742.0;33.0;135.0;28.0;70.0;4.0;;;;89.0;82.0;25.0;5401.0;1700.0;98.0;1.0;89.0;38.0;;4.0;1.0;4.0;1.0;;;;;;28.0;21.0;25.0;;20.0;3.0;;;;;;;;;;;;2.0;31.0;17.0;845.0;14537
ESTRELA D'OESTE;;;216.0;1.0;4.0;;;;;;;2.0;;6.0;38.0;19.0;29.0;;;2.0;;;;;;;;;;;;;1.0;;3.0;;;;;;;;;;;;;1.0;;3.0;66.0;391
FARTURA;;;414.0;;52.0;;;;;;;53.0;;21.0;311.0;4.0;38.0;5.0;1.0;;;1.0;;15.0;;;;;;;2.0;1.0;3.0;;8.0;;;;;;;;;;;;;;;;204.0;1133
FRANCA;;;;;;;;;;;;;;;;;2875.0;;;;;;;;;;;;;;;;;;;;;;;;;;;;;;;;;;;2875
FRANCISCO MORATO;;;8148.0;1.0;297.0;;;;;;;460.0;;189.0;1769.0;737.0;209.0;4.0;13.0;;;17.0;;54.0;66.0;;;;;;;1.0;25.0;;45.0;;;;;;;;;;;;;16.0;;1.0;947.0;12999
GALIA;;;33.0;;4.0;;;;;;;;;;30.0;;6.0;;1.0;;;;;;;;;;;;;;;;;;;;;;;;;;;;;;;;1.0;75
GARCA;;;3872.0;36.0;237.0;31.0;;;;1.0;;94.0;57.0;96.0;865.0;2077.0;93.0;4.0;8.0;32.0;;3.0;;11.0;112.0;;1.0;;;;23.0;14.0;34.0;;33.0;;;;1.0;;1.0;;;;;;;3.0;4.0;41.0;655.0;8439
GENERAL SALGADO;;;231.0;;38.0;;;;;;;58.0;;;80.0;;25.0;1.0;;1.0;;;;;;;;;;;;;;;;;;;;;;;;;;;;;;;41.0;475
GETULINA;;28.0;252.0;;8.0;;;;;;;3.0;;196.0;264.0;;8.0;;1.0;;;3.0;;;;;;;;;;;;;;;;;;;;;;;;;;;;;;763
GUAIRA;;;2255.0;47.0;49.0;16.0;35.0;;;;;63.0;56.0;13.0;751.0;287.0;44.0;;20.0;41.0;;2.0;;;2.0;;2.0;;;13.0;17.0;37.0;10.0;;18.0;4.0;;;;;;;;;;;;2.0;30.0;14.0;385.0;4213
GUAPIARA;;;219.0;;13.0;;;;;;;29.0;;19.0;2.0;;35.0;;2.0;;;1.0;;10.0;1.0;;;;;;1.0;;;;9.0;;;;;;;;;;;;;;;;81.0;422
GUARA;;;292.0;;14.0;13.0;;;;;;7.0;;;121.0;14.0;29.0;;3.0;;;2.0;;;1.0;;;;;;1.0;1.0;2.0;;11.0;;;;;;;;;;;;;;;;36.0;547
GUARACAI;;;;;;;;;;;;;;;3.0;;31.0;;3.0;;;1.0;;;;;;;;;;;;;;;;;;;;;;;;;;;;;23.0;61
GUARARAPES;;;456.0;86.0;52.0;2.0;;;;;;50.0;;11.0;55.0;265.0;50.0;;1.0;20.0;;1.0;;10.0;2.0;;1.0;;;;21.0;7.0;16.0;;1.0;;;;;;;;;;;;;1.0;2.0;11.0;228.0;1349
GUARAREMA;;;1311.0;;26.0;1.0;;;;;;41.0;12.0;1044.0;454.0;;31.0;;1.0;12.0;;3.0;;3.0;;;;;;;;;12.0;;21.0;;;;;;;;;;;;;3.0;;;114.0;3089
GUARATINGUETA;;4.0;12206.0;73.0;408.0;151.0;141.0;13.0;;36.0;;482.0;106.0;2122.0;2182.0;4687.0;227.0;33.0;95.0;162.0;;10.0;108.0;23.0;12.0;;3.0;;;12.0;53.0;48.0;27.0;1.0;65.0;12.0;16.0;1.0;10.0;29.0;9.0;;;;;;;176.0;52.0;;1823.0;25618
GUARIBA;;;950.0;13.0;89.0;13.0;41.0;7.0;;;;65.0;4.0;1139.0;794.0;161.0;56.0;6.0;;4.0;;;;12.0;1.0;;1.0;;;;8.0;6.0;16.0;;18.0;3.0;;;;;;;;;;;;2.0;1.0;;299.0;3709
GUARUJA;;28.0;28488.0;408.0;1112.0;258.0;517.0;;;46.0;;1577.0;220.0;236.0;9080.0;7564.0;364.0;6.0;68.0;207.0;;18.0;1455.0;95.0;820.0;;9.0;4.0;6.0;4.0;126.0;102.0;67.0;;108.0;31.0;1.0;1.0;3.0;18.0;8.0;5.0;1.0;3.0;;;;200.0;183.0;94.0;3289.0;56830
GUARULHOS;;645.0;41795.0;162.0;1076.0;553.0;730.0;1.0;;40.0;;3240.0;356.0;930.0;44654.0;7271.0;1348.0;14.0;401.0;327.0;;47.0;145.0;347.0;125.0;;22.0;50.0;;85.0;201.0;258.0;143.0;19.0;265.0;22.0;14.0;2.0;14.0;;32.0;;;;;;;317.0;600.0;330.0;6558.0;113139
HORTOLANDIA;;1723.0;10175.0;8.0;275.0;102.0;;;;13.0;;543.0;59.0;177.0;2008.0;199.0;160.0;9.0;62.0;75.0;;18.0;;82.0;;;;1.0;;;50.0;86.0;5.0;;97.0;4.0;1.0;;5.0;;6.0;;;;;;;204.0;131.0;;408.0;16686
IACANGA;;;137.0;;;;;;;;;;;;28.0;;;;;;;;;;;;;;;;;;;;7.0;;;;;;;;;;;;;;;;;172
IBATE;;;252.0;8.0;15.0;10.0;;;;;;32.0;;45.0;243.0;3.0;25.0;;2.0;;;;;4.0;3.0;;;;;2.0;13.0;;5.0;;20.0;1.0;;;;;;;;;;;;1.0;5.0;16.0;121.0;826
IBIRA;;;184.0;;26.0;;;;;;;3.0;;;280.0;;32.0;1.0;1.0;;;;;;;;;;;;;;;;;;;;;;;;;;;;;;;;131.0;658
IBITINGA;;;3594.0;53.0;254.0;87.0;140.0;;;2.0;;194.0;19.0;35.0;1944.0;435.0;396.0;1.0;26.0;17.0;;11.0;23.0;10.0;7.0;;4.0;2.0;;;18.0;74.0;29.0;2.0;28.0;5.0;1.0;;7.0;;5.0;;;;;;;22.0;95.0;;789.0;8329
IBIUNA;;;;;;;;;;;;;;;;;131.0;;;10.0;;;;20.0;;;;;;;62.0;;40.0;;47.0;;;;;;;;;;;;;;;;;310
IEPE;;;530.0;;11.0;;;;;;;5.0;8.0;27.0;123.0;38.0;45.0;2.0;1.0;4.0;;2.0;;;10.0;;;;;;;;4.0;;4.0;;;;;;;;;;;;;;;;204.0;1018
IGARAPAVA;;3.0;622.0;28.0;55.0;9.0;58.0;;;10.0;;20.0;12.0;221.0;2068.0;;166.0;3.0;;6.0;;2.0;;1.0;3.0;;;;;;30.0;26.0;;;12.0;1.0;;;1.0;;;;;;;;;;7.0;13.0;378.0;3755
ILHABELA;;1.0;188.0;;1.0;117.0;231.0;;;23.0;;;;;20.0;1338.0;292.0;;10.0;65.0;;3.0;;35.0;6.0;;1.0;6.0;;6.0;82.0;77.0;69.0;1.0;72.0;6.0;1.0;3.0;3.0;;;;;;;;;62.0;;93.0;1665.0;4477
INDAIATUBA;;12.0;24459.0;536.0;1053.0;252.0;829.0;44.0;;102.0;;479.0;414.0;142.0;3813.0;4412.0;2377.0;8.0;179.0;328.0;;30.0;76.0;87.0;105.0;4.0;29.0;7.0;51.0;32.0;178.0;123.0;123.0;6.0;71.0;33.0;4.0;1.0;7.0;;;;;;;;;204.0;319.0;;2120.0;43049
INDIAPORA;;;71.0;2.0;8.0;;;;;;;;;;62.0;;14.0;;1.0;;;;;;;;;;;;9.0;1.0;;;;;;;;;;;;;;;;;;;38.0;206
IPAUSSU;;;266.0;;22.0;;;;;;;8.0;5.0;366.0;260.0;;34.0;;1.0;5.0;;;;6.0;;;;;;;5.0;;;;4.0;;;;;;;;;;;;;;;15.0;105.0;1102
IPUA;;;84.0;8.0;9.0;2.0;;;;;;6.0;;405.0;193.0;2.0;33.0;2.0;;6.0;;1.0;;;4.0;;;1.0;;;5.0;;7.0;;3.0;;1.0;;;;;;;;;;;;;;75.0;847
ITABERA;;;507.0;;42.0;2.0;;;;;;30.0;;619.0;395.0;;40.0;;;;;;;1.0;;;;;;;3.0;;6.0;;14.0;;;;;;;;;;;;;1.0;;;95.0;1755
ITAI;;;356.0;;;;;;;;;;;;;;19.0;1.0;4.0;;;;;;;;;;;;;;;;;;;;;;;;;;;;;;;;3.0;383
ITAJOBI;;;205.0;;11.0;;;;;;;13.0;;;105.0;;20.0;;;2.0;;;;;;;;;;;;;;;;;;;;;;;;;;;;;;;108.0;464
ITAPECERICA DA SERRA;;;262.0;;;;;;;;;;;;506.0;;23.0;;2.0;;;;;74.0;;;;;;;;;7.0;;25.0;;;;;;;;;;;;;;;;204.0;1103
ITAPETININGA;;;16740.0;65.0;744.0;243.0;334.0;;;20.0;;830.0;494.0;172.0;18.0;862.0;313.0;8.0;71.0;189.0;;21.0;15.0;72.0;645.0;;;;;;40.0;112.0;35.0;;64.0;3.0;;2.0;15.0;;14.0;;;;;;;125.0;120.0;13.0;2628.0;25027
ITAPEVA;;;13220.0;505.0;956.0;97.0;172.0;;;1.0;;821.0;401.0;167.0;6874.0;1892.0;440.0;12.0;131.0;174.0;;5.0;930.0;102.0;5.0;;8.0;6.0;;3.0;98.0;132.0;44.0;13.0;54.0;24.0;2.0;1.0;2.0;45.0;1.0;10.0;2.0;5.0;;;;13.0;207.0;18.0;3250.0;30843
ITAPIRA;;49.0;8122.0;;153.0;49.0;209.0;;;12.0;;1513.0;136.0;4102.0;1337.0;1378.0;166.0;7.0;93.0;142.0;;8.0;416.0;6.0;356.0;;5.0;;;40.0;38.0;62.0;28.0;1.0;27.0;15.0;;2.0;6.0;;8.0;;;;;;;92.0;49.0;;1401.0;20028
ITAPOLIS;;1.0;2264.0;51.0;104.0;53.0;105.0;4.0;;;;76.0;43.0;1440.0;2381.0;1090.0;156.0;6.0;22.0;43.0;;6.0;6.0;4.0;;;;;;11.0;18.0;9.0;14.0;;19.0;;;;3.0;;3.0;;;;;;;70.0;23.0;;597.0;8622
ITAPORANGA;;;581.0;14.0;54.0;2.0;;;;;;40.0;;281.0;54.0;;68.0;1.0;;2.0;;1.0;;6.0;;;;;;;6.0;7.0;8.0;;12.0;;;;1.0;;;;;;;;;;;;140.0;1278
ITAPUI;;45.0;211.0;;45.0;;;;;;;13.0;;461.0;203.0;9.0;18.0;1.0;2.0;7.0;;;;;;;;;;;;;;;;;;;;;;;;;;;;;;;;1015
ITARARE;;;1158.0;9.0;98.0;26.0;92.0;;;;;177.0;54.0;5378.0;3673.0;;133.0;7.0;5.0;;;34.0;;10.0;1023.0;;;;;;17.0;13.0;7.0;;25.0;5.0;;;1.0;;;;;;;;;116.0;31.0;;649.0;12741
ITATIBA;;1.0;4852.0;98.0;217.0;67.0;172.0;16.0;;29.0;4.0;389.0;108.0;91.0;436.0;614.0;126.0;5.0;13.0;43.0;;6.0;14.0;47.0;87.0;;2.0;13.0;;;40.0;68.0;54.0;6.0;46.0;3.0;;;13.0;;1.0;;;;;;;69.0;44.0;;776.0;8570
ITATINGA;;;250.0;;20.0;;;;;;;35.0;;;91.0;;8.0;;1.0;;;;;;;;;;;;;;;;;;;;;;;;;;;;;;;;;405
ITIRAPINA;;29.0;158.0;;6.0;;;;;;;4.0;;80.0;82.0;;10.0;;;;;;;;;;;;;;;;;;;;;;;;;;;;;;;;;;28.0;397
ITU;;71.0;11497.0;40.0;1058.0;187.0;347.0;;;13.0;;724.0;224.0;7175.0;4897.0;6154.0;314.0;9.0;50.0;125.0;;11.0;702.0;82.0;238.0;;15.0;4.0;;24.0;63.0;144.0;81.0;;91.0;10.0;;;14.0;;6.0;;;;;;;163.0;272.0;;2858.0;37663
ITUPEVA;;105.0;1563.0;;63.0;10.0;63.0;;;;;71.0;;219.0;689.0;155.0;70.0;4.0;3.0;;;;;11.0;10.0;;;;;;;;;;24.0;;;;;;;;;;;;;;;;120.0;3180
ITUVERAVA;;;3607.0;37.0;228.0;37.0;164.0;13.0;;7.0;;195.0;74.0;;499.0;1230.0;113.0;2.0;42.0;;;20.0;171.0;7.0;117.0;;;14.0;;7.0;43.0;15.0;36.0;;18.0;6.0;;4.0;2.0;;10.0;;;;;;;;48.0;34.0;732.0;7532
JABORANDI;;;17.0;;;;;;;;;2.0;;46.0;38.0;5.0;5.0;;;;;;;;2.0;;;;;;;;;;;;;;;;;;;;;;;;;;18.0;133
JABOTICABAL;;1.0;2964.0;30.0;131.0;65.0;55.0;;;10.0;;147.0;48.0;1483.0;3456.0;875.0;69.0;;26.0;29.0;;5.0;;18.0;6.0;;;6.0;;;19.0;34.0;10.0;;13.0;6.0;;;1.0;;;;;;;;;10.0;32.0;;677.0;10226
JACAREI;;42.0;28525.0;688.0;945.0;274.0;694.0;10.0;1.0;58.0;;1038.0;506.0;14.0;6434.0;5754.0;709.0;334.0;83.0;326.0;;29.0;974.0;78.0;224.0;;10.0;11.0;1.0;30.0;214.0;91.0;105.0;13.0;76.0;24.0;;1.0;8.0;67.0;5.0;;;;;;;154.0;148.0;;3030.0;51728
JAGUARIUNA;;76.0;7308.0;82.0;480.0;37.0;39.0;2.0;;;;248.0;;3144.0;3814.0;1677.0;121.0;1.0;64.0;39.0;;5.0;;24.0;71.0;;1.0;3.0;;4.0;35.0;21.0;28.0;;64.0;3.0;;;1.0;;7.0;;;;;;;34.0;16.0;74.0;746.0;18269
JARINU;;;;;;;;;;;;;;;141.0;;26.0;;;;;;;;;;;;;;;;;;;;;;;;;;;;;;;;;;64.0;231
JAU;;1.0;28520.0;151.0;1118.0;319.0;446.0;;;26.0;20.0;791.0;250.0;170.0;2770.0;9852.0;397.0;;408.0;231.0;;6.0;1152.0;38.0;309.0;;12.0;6.0;;9.0;82.0;125.0;67.0;2.0;107.0;25.0;1.0;;27.0;;18.0;;1.0;9.0;;;;11.0;192.0;;3789.0;51458
JOANOPOLIS;;;247.0;;20.0;;;;;;;6.0;;155.0;24.0;;14.0;;;;;;;;;;;;;;;;;;;;;;;;;;;;;;;;;;97.0;563
JUNDIAI;;108.0;46690.0;595.0;2384.0;715.0;1471.0;68.0;;128.0;;1176.0;55.0;304.0;23398.0;4609.0;932.0;81.0;144.0;151.0;;32.0;1152.0;153.0;851.0;1.0;54.0;22.0;27.0;83.0;184.0;289.0;197.0;29.0;163.0;56.0;;;19.0;67.0;8.0;14.0;8.0;34.0;;;;794.0;847.0;87.0;4032.0;92212
JUNQUEIROPOLIS;;;827.0;19.0;29.0;1.0;;;;;;13.0;32.0;83.0;304.0;75.0;152.0;;1.0;16.0;;1.0;;3.0;1.0;;;;;;18.0;4.0;4.0;;15.0;;;;1.0;;;;;;;;;;4.0;;337.0;1940
LARANJAL PAULISTA;;;400.0;12.0;35.0;;;;;;;42.0;;816.0;2897.0;;59.0;;1.0;;;;;13.0;1.0;;;;;8.0;15.0;;7.0;;11.0;;;;;;;;;;;;;4.0;6.0;24.0;373.0;4724
LEME;;;8469.0;130.0;641.0;69.0;100.0;;;7.0;;223.0;181.0;4623.0;817.0;1666.0;135.0;43.0;41.0;99.0;;7.0;301.0;16.0;5.0;;5.0;2.0;;5.0;27.0;39.0;67.0;1.0;52.0;8.0;;;9.0;;2.0;;;;;;;61.0;51.0;;1092.0;18994
LENCOIS PAULISTA;;1.0;4312.0;37.0;93.0;64.0;35.0;;;3.0;;145.0;23.0;;2315.0;1243.0;92.0;4.0;21.0;31.0;14.0;2.0;11.0;8.0;7.0;;;6.0;;3.0;60.0;49.0;24.0;;35.0;4.0;3.0;15.0;;;4.0;;;;;;;29.0;50.0;;765.0;9508
LIMEIRA;;3.0;33509.0;473.0;2147.0;350.0;665.0;11.0;;58.0;57.0;844.0;1660.0;232.0;5487.0;3530.0;549.0;29.0;64.0;559.0;;7.0;359.0;63.0;114.0;;57.0;31.0;30.0;74.0;103.0;188.0;125.0;4.0;118.0;36.0;13.0;;26.0;51.0;;;;;;;;25.0;609.0;5.0;4783.0;57048
LINS;;;5945.0;44.0;329.0;95.0;171.0;;;5.0;;453.0;121.0;3303.0;718.0;1704.0;244.0;;40.0;121.0;;6.0;35.0;23.0;;;6.0;;;;26.0;28.0;9.0;;59.0;7.0;1.0;;9.0;;;;;;;;;17.0;102.0;;2113.0;15734
LORENA;;85.0;6119.0;30.0;245.0;104.0;93.0;;;10.0;;710.0;52.0;114.0;4800.0;2480.0;221.0;2.0;50.0;132.0;;8.0;82.0;35.0;605.0;;;2.0;;1.0;41.0;17.0;3.0;;120.0;4.0;;;6.0;;;;;;;;;9.0;18.0;45.0;1634.0;17877
LOUVEIRA;;;5480.0;50.0;227.0;;;;;3.0;;175.0;;;1467.0;1132.0;95.0;1.0;29.0;;;1.0;1.0;16.0;201.0;;;9.0;5.0;3.0;25.0;5.0;27.0;1.0;17.0;6.0;6.0;;;;;;;;;;;24.0;4.0;;510.0;9520
LUCELIA;;;714.0;;1.0;;;;;;;17.0;;;9.0;;28.0;3.0;;;;;;;;;;;;;;;;;;;;;;;;;;;;;;2.0;;;109.0;883
MACATUBA;;;557.0;;35.0;13.0;;;;;;19.0;;1.0;250.0;5.0;48.0;4.0;2.0;;;9.0;;;;;;;;;;;;;3.0;;;;;;;;;;;;;;;;;946
MACAUBAL;;;;;;;;;;;;;;;;;1.0;;;;;;;;;;;;;;;;;;;;;;;;;;;;;;;;;;;1
MAIRIPORA;;;;;;;;;;;;55.0;;1588.0;524.0;38.0;110.0;;4.0;5.0;;;;;34.0;;;;;;;30.0;;;;;;;5.0;;;;;;;;;20.0;;;475.0;2888
MARACAI;;;175.0;10.0;;;;;;;;;;;15.0;;26.0;;2.0;;;;;;;;;;;;18.0;;8.0;;5.0;;;;;;;;;;;;;;;;99.0;358
MARILIA;;9.0;21456.0;457.0;1206.0;234.0;333.0;32.0;1.0;45.0;35.0;822.0;379.0;91.0;1959.0;8245.0;3758.0;75.0;64.0;368.0;;14.0;965.0;62.0;770.0;;5.0;26.0;6.0;125.0;229.0;151.0;117.0;4.0;39.0;18.0;5.0;29.0;19.0;56.0;10.0;;;;;;;117.0;727.0;;5844.0;48907
MARTINOPOLIS;;;1369.0;6.0;91.0;16.0;;;;;;90.0;;12.0;180.0;260.0;95.0;;2.0;21.0;;3.0;;1.0;3.0;;;;;;5.0;;3.0;;11.0;1.0;;;;;;;;;;;;2.0;;12.0;345.0;2528
MAUA;;4.0;34326.0;;1346.0;439.0;273.0;;;44.0;;870.0;332.0;704.0;12811.0;1078.0;624.0;12.0;128.0;278.0;;55.0;904.0;93.0;393.0;;;3.0;;5.0;102.0;135.0;92.0;1.0;87.0;13.0;16.0;;15.0;;14.0;;;;;;;162.0;111.0;10.0;2492.0;57972
MIGUELOPOLIS;;;1129.0;;13.0;;;;;;;34.0;;12.0;7.0;;67.0;4.0;1.0;;;20.0;;2.0;;;;;;;1.0;3.0;2.0;;11.0;;;;;;;;;;;;;;;;174.0;1480
MIRASSOL;;;749.0;16.0;57.0;33.0;;;;;;17.0;;;27.0;23.0;79.0;;6.0;;;;;7.0;1.0;;;1.0;;11.0;13.0;;9.0;;21.0;;;;6.0;;;;;;;;;;;;;1076
MOCOCA;;7.0;4584.0;64.0;292.0;35.0;133.0;;;2.0;;246.0;126.0;139.0;2612.0;3061.0;229.0;23.0;43.0;64.0;;15.0;590.0;20.0;16.0;;4.0;1.0;;;12.0;27.0;13.0;;59.0;4.0;1.0;;2.0;;7.0;;;;;;;90.0;21.0;51.0;1568.0;14161
MOGI DAS CRUZES;;341.0;19977.0;284.0;1103.0;274.0;333.0;21.0;;39.0;;1962.0;184.0;2824.0;10948.0;6133.0;421.0;;31.0;181.0;;29.0;111.0;229.0;7.0;;65.0;36.0;;18.0;147.0;311.0;176.0;;153.0;4.0;43.0;;;;;;;;;;;216.0;201.0;82.0;2275.0;49159
MOGI GUACU;;1317.0;14260.0;91.0;533.0;194.0;256.0;;;17.0;;463.0;131.0;9276.0;4542.0;5266.0;397.0;102.0;31.0;174.0;;22.0;625.0;32.0;16.0;;30.0;7.0;;14.0;61.0;114.0;36.0;7.0;67.0;22.0;2.0;;11.0;35.0;;;;;;;;34.0;1445.0;25.0;4036.0;43691
MOGI MIRIM;;3.0;6621.0;;171.0;70.0;48.0;;;15.0;;299.0;210.0;3073.0;2001.0;1346.0;150.0;3.0;27.0;80.0;;7.0;278.0;14.0;355.0;;22.0;24.0;;56.0;116.0;71.0;49.0;;53.0;8.0;1.0;1.0;8.0;;4.0;;;;;;;64.0;991.0;22.0;1389.0;17650
MONGAGUA;;;6.0;;;;;;;;;;;3.0;290.0;;49.0;3.0;1.0;;;4.0;;3.0;;;;;;;;;;;;;;;;;;;;;;;;;;;102.0;461
MONTE ALTO;;;5508.0;32.0;106.0;37.0;20.0;;;2.0;;79.0;84.0;3.0;1652.0;1747.0;100.0;2.0;48.0;36.0;;4.0;;1.0;1.0;;;2.0;;;16.0;12.0;12.0;;26.0;2.0;2.0;;;;2.0;;;;;;;50.0;18.0;;831.0;10435
MONTE AZUL PAULISTA;;;566.0;12.0;9.0;;;;;;;6.0;;;257.0;;76.0;1.0;1.0;3.0;;;;1.0;1.0;;;;;;2.0;10.0;8.0;;20.0;;;;;;;;;;;;;1.0;;;184.0;1158
MONTE MOR;;;560.0;;7.0;5.0;;;;;;51.0;;38.0;14.0;21.0;23.0;;1.0;;;;;10.0;1.0;;;;;;;1.0;3.0;;32.0;;;;;;;;;;;;;4.0;;;;771
MORRO AGUDO;;;1291.0;20.0;71.0;25.0;15.0;;;1.0;;27.0;3.0;20.0;322.0;;88.0;;12.0;6.0;;2.0;;4.0;1.0;;;1.0;;;15.0;29.0;10.0;;17.0;;;;;;;;;;;;;;30.0;;302.0;2312
MORUNGABA;;;42.0;;;;;;;;;4.0;;;;;17.0;;;;;2.0;;;;;;;;;;;;;;;;;;;;;;;;;;;;;18.0;83
NAZARE PAULISTA;;;259.0;;32.0;;;;;;;16.0;;293.0;259.0;;29.0;2.0;3.0;;;5.0;;2.0;;;;;;;;;;;;;;;;;;;;;;;;;;;112.0;1012
NEVES PAULISTA;;;2.0;;;;;;;;;;;;13.0;;3.0;;1.0;;;;;;;;;;;;;;;;;;;;;;;;;;;;;;;;8.0;27
NOVA EUROPA;;;149.0;;3.0;;;;;;;4.0;;4.0;1.0;;15.0;;1.0;;;;;;;;;;;;7.0;;;;2.0;;;;;;;;;;;;;;;;30.0;216
NOVA ODESSA;;24.0;24.0;19.0;;;;2.0;;;;93.0;;1897.0;2019.0;115.0;47.0;2.0;3.0;;;3.0;;12.0;18.0;;;;;;2.0;9.0;13.0;;19.0;1.0;;;1.0;;;;;;;;;28.0;;;527.0;4878
NOVO HORIZONTE;;1.0;3288.0;50.0;129.0;4.0;134.0;;;1.0;;145.0;;885.0;400.0;376.0;91.0;3.0;6.0;;;1.0;;1.0;41.0;;;1.0;;;31.0;30.0;22.0;;29.0;;1.0;2.0;;;;;;;;;;1.0;72.0;;386.0;6131
OLIMPIA;;;2194.0;33.0;110.0;11.0;43.0;1.0;;2.0;;141.0;74.0;;1582.0;570.0;105.0;;7.0;40.0;;3.0;;7.0;105.0;;;;;;26.0;15.0;11.0;;25.0;1.0;5.0;;;;;;;;;;;57.0;24.0;6.0;626.0;5824
ORLANDIA;;;1400.0;27.0;55.0;29.0;51.0;;;;;65.0;18.0;21.0;792.0;115.0;122.0;2.0;11.0;18.0;;2.0;;3.0;1.0;;;;;;6.0;14.0;7.0;;21.0;;1.0;;;;;;;;;;;2.0;18.0;21.0;326.0;3148
OSASCO;;2847.0;29420.0;116.0;2087.0;370.0;389.0;;;56.0;27.0;2970.0;475.0;10135.0;16401.0;1783.0;797.0;30.0;153.0;222.0;;47.0;57.0;224.0;209.0;;5.0;5.0;;2.0;198.0;246.0;89.0;1.0;168.0;29.0;;;39.0;;;;;;;;;104.0;561.0;167.0;4113.0;74542
OSVALDO CRUZ;;10.0;1611.0;;89.0;25.0;59.0;;;3.0;;106.0;128.0;;621.0;403.0;84.0;;4.0;59.0;;8.0;;4.0;1.0;;1.0;;;;11.0;14.0;2.0;;23.0;1.0;;;;;;;;;;;;2.0;6.0;12.0;755.0;4042
OURINHOS;;11.0;9576.0;647.0;811.0;205.0;337.0;20.0;;6.0;4.0;456.0;201.0;1687.0;3575.0;3086.0;200.0;18.0;31.0;97.0;;6.0;561.0;47.0;105.0;1.0;5.0;8.0;;50.0;50.0;75.0;39.0;1.0;83.0;24.0;;1.0;9.0;20.0;3.0;2.0;1.0;2.0;;;;12.0;391.0;;1845.0;24309
OUROESTE;;;138.0;1.0;4.0;;;;;;;5.0;;;103.0;;18.0;;;;;1.0;;;;;1.0;;;;4.0;3.0;4.0;;5.0;;;;;;;;;;;;;;;;78.0;365
PALMEIRA D'OESTE;;;189.0;;16.0;;;;;;;;;;112.0;;27.0;;1.0;;;1.0;;;;;;;;;;;;;;;;;;;;;;;;;;;;;;346
PALMITAL;;;936.0;32.0;48.0;7.0;;;;;;45.0;32.0;241.0;27.0;142.0;53.0;;2.0;17.0;;3.0;;3.0;1.0;;;1.0;;;21.0;1.0;15.0;;9.0;1.0;;3.0;;;;;;;;;;2.0;4.0;11.0;245.0;1902
PANORAMA;;;570.0;;6.0;;;;;;;;18.0;;128.0;;29.0;;;9.0;;;;;;;;;;;;;;;;;;;;;;;;;;;;;;;48.0;808
PARAGUACU PAULISTA;;2.0;5010.0;51.0;171.0;38.0;71.0;;;7.0;;206.0;33.0;28.0;7500.0;3668.0;136.0;;4.0;17.0;;15.0;260.0;2.0;120.0;;1.0;7.0;;4.0;19.0;16.0;19.0;1.0;19.0;;3.0;;1.0;;;;;;;;;3.0;10.0;;805.0;18247
PARANAPANEMA;;;1324.0;;35.0;;;;;;;48.0;;;22.0;;48.0;;;;;;;5.0;1.0;;;;;;5.0;;;;13.0;;;;;;;;;;;;;;;8.0;18.0;1527
PARAPUA;;;327.0;;20.0;;;;;;;;;;6.0;;36.0;2.0;;;;4.0;;;;;;;;;;;;;;;;;;;;;;;;;;;;;110.0;505
PAULINIA;;6.0;14848.0;77.0;195.0;88.0;148.0;;;27.0;;396.0;101.0;61.0;5428.0;1645.0;362.0;20.0;62.0;81.0;;8.0;381.0;28.0;4.0;1.0;6.0;4.0;;4.0;92.0;25.0;57.0;4.0;35.0;12.0;;3.0;1.0;;;;;;;;;127.0;66.0;;1260.0;25663
PAULO DE FARIA;;;30.0;;5.0;;;;;;;;;;50.0;;3.0;;;;;;;;;;;;;;;;;;;;;;;;;;;;;;;;;;;88
PEDERNEIRAS;;;2116.0;;168.0;11.0;;;;1.0;;114.0;;25.0;557.0;53.0;56.0;1.0;7.0;;;10.0;;5.0;;;;;;;5.0;26.0;4.0;;24.0;;1.0;3.0;1.0;;;;;;;;;1.0;15.0;6.0;415.0;3625
PEDREIRA;;;1471.0;;60.0;;;;;;;40.0;;;38.0;220.0;40.0;3.0;2.0;27.0;;2.0;;;;;;;;;41.0;13.0;2.0;;;1.0;;;;;;;;;;;;;2.0;;351.0;2313
PENAPOLIS;;1.0;3491.0;51.0;125.0;30.0;28.0;;;;;167.0;60.0;;90.0;1023.0;1264.0;;13.0;60.0;;4.0;;14.0;2.0;;;;;;65.0;69.0;21.0;;68.0;2.0;;;9.0;;;;;;;;;4.0;89.0;;1430.0;8180
PEREIRA BARRETO;;;436.0;5.0;32.0;;;;;;;13.0;;;247.0;102.0;42.0;;1.0;22.0;;1.0;;1.0;1.0;;;;;;3.0;21.0;;;6.0;;;;;;;;;;;;;;;;122.0;1055
PERUIBE;;;47.0;;;13.0;;;;;;62.0;;125.0;350.0;;12.0;;1.0;;;1.0;;35.0;8.0;;;;;;;;1.0;1.0;23.0;;;;;;;;;;;;;;;;154.0;833
PIEDADE;;;1542.0;25.0;34.0;;;;;;;47.0;;;406.0;;104.0;3.0;2.0;30.0;;;;9.0;1.0;;;;;;6.0;;8.0;;36.0;;;;;;;;;;;;;16.0;2.0;1.0;410.0;2682
PILAR DO SUL;;;288.0;17.0;18.0;;;;;;;62.0;;;253.0;;37.0;1.0;;17.0;;;;8.0;7.0;;;;;;7.0;;1.0;;9.0;;;;;;;;;;;;;1.0;1.0;;148.0;875
PINDAMONHANGABA;;;10599.0;84.0;286.0;143.0;80.0;8.0;;16.0;;138.0;;;322.0;2644.0;203.0;3.0;90.0;57.0;;12.0;415.0;55.0;400.0;;6.0;6.0;1.0;9.0;58.0;64.0;26.0;1.0;101.0;6.0;;;13.0;;7.0;;;;;;;55.0;69.0;;2239.0;18216
PIRACAIA;;;100.0;;18.0;;;;;;;3.0;;2.0;158.0;;30.0;1.0;;;;;;;;;;;;;;;;;2.0;;;;;;;;;;;;;;;;138.0;452
PIRACICABA;;163.0;27667.0;471.0;1853.0;597.0;913.0;103.0;;67.0;3.0;2321.0;882.0;;10563.0;5224.0;502.0;152.0;232.0;531.0;;18.0;1173.0;135.0;628.0;;35.0;16.0;2.0;141.0;231.0;267.0;124.0;11.0;155.0;42.0;4.0;2.0;22.0;79.0;11.0;7.0;3.0;11.0;;1.0;5.0;394.0;1284.0;;5424.0;62469
PIRAJU;;;1238.0;20.0;49.0;;;;;;;88.0;;;70.0;35.0;99.0;;2.0;16.0;;3.0;;7.0;;;1.0;;;2.0;11.0;3.0;4.0;;32.0;;;;6.0;;;;;;;;;6.0;;;279.0;1971
PIRAJUI;;60.0;181.0;;19.0;3.0;;;;;;10.0;;975.0;638.0;;46.0;1.0;1.0;6.0;;1.0;;1.0;1.0;;;;;;40.0;;29.0;;;;;;;;;;;;;;;;8.0;1.0;67.0;2088
PIRANGI;;;113.0;;4.0;;;;;;;3.0;;;92.0;;9.0;;;;;;;;;;;;;;5.0;;;;2.0;;;;;;;;;;;;;;;;52.0;280
PIRASSUNUNGA;;;2694.0;16.0;109.0;12.0;26.0;4.0;;;;133.0;97.0;;77.0;790.0;80.0;2.0;39.0;45.0;;2.0;119.0;24.0;;;2.0;1.0;;;11.0;40.0;6.0;;23.0;1.0;;;1.0;;;;;;;;;6.0;62.0;;731.0;5153
PIRATININGA;;;5.0;;;;;;;;;;;;918.0;;10.0;;4.0;;;;;;;;;;;;;;;;;;;;;;;;;;;;;;;;60.0;997
PITANGUEIRAS;;;579.0;12.0;85.0;2.0;;;;;;38.0;;62.0;262.0;;33.0;1.0;;15.0;;;;3.0;1.0;;;;4.0;12.0;24.0;9.0;14.0;;23.0;;;;1.0;;;;;;;;;1.0;6.0;15.0;165.0;1367
POMPEIA;;;330.0;;35.0;;;;;;;19.0;;;165.0;;15.0;1.0;;;;;;;;;1.0;;;8.0;;;15.0;;;;;;;;;;;;;;;;;;67.0;656
PONTAL;;;538.0;9.0;28.0;4.0;;;;;;15.0;;320.0;354.0;79.0;22.0;1.0;3.0;19.0;;2.0;;2.0;;;1.0;;;31.0;;6.0;7.0;;20.0;;;;9.0;;;;;;;;;1.0;1.0;;10.0;1482
POPULINA;;;28.0;;;;;;;;;1.0;;;11.0;;4.0;;;;;1.0;;;;;;;;;;;;;;;;;;;;;;;;;;;;;;45
PORTO FELIZ;;;3561.0;48.0;161.0;18.0;17.0;;;5.0;;64.0;46.0;;72.0;2576.0;113.0;4.0;47.0;24.0;;7.0;8.0;7.0;226.0;;;4.0;;2.0;35.0;13.0;22.0;1.0;20.0;1.0;;;;;;;;;;;;1.0;25.0;;407.0;7535
PORTO FERREIRA;;;2329.0;38.0;94.0;25.0;44.0;;;6.0;;50.0;;24.0;4151.0;530.0;79.0;7.0;51.0;26.0;;7.0;4.0;9.0;1.0;;5.0;2.0;;;19.0;16.0;10.0;;20.0;2.0;;1.0;5.0;;4.0;;;;;;;4.0;34.0;;649.0;8246
POTIRENDABA;;;206.0;2.0;10.0;11.0;;;;;;6.0;;;;32.0;42.0;;8.0;;;;;;2.0;;;;;;5.0;;1.0;;;;;;;;;;;;;;;;2.0;;92.0;419
PRAIA GRANDE;;;10437.0;;667.0;203.0;104.0;;;22.0;;576.0;165.0;190.0;3162.0;873.0;537.0;6.0;40.0;97.0;;6.0;604.0;84.0;10.0;1.0;;16.0;;3.0;49.0;34.0;17.0;1.0;72.0;6.0;;;4.0;;6.0;;;;;;;30.0;53.0;;1474.0;19549
PRESIDENTE BERNARDES;;;336.0;;27.0;;;;;;;13.0;;;12.0;;66.0;;3.0;;;1.0;;;;;;;;;;;;;;;;;;;;;;;;;;;;;;458
PRESIDENTE EPITACIO;;14.0;2559.0;;41.0;19.0;50.0;;;;;91.0;34.0;14.0;140.0;439.0;109.0;;6.0;17.0;;4.0;;5.0;1.0;;;;;;15.0;11.0;2.0;;9.0;;;;;;;;;;;;;2.0;6.0;8.0;373.0;3969
PRESIDENTE VENCESLAU;;;1590.0;;16.0;5.0;;;;;;4.0;32.0;16.0;1049.0;756.0;209.0;4.0;2.0;16.0;;7.0;;3.0;12.0;;;2.0;;;7.0;9.0;8.0;;18.0;1.0;1.0;;;;;;;;;;;;;;556.0;4323
QUELUZ;;;270.0;;2.0;;;;;;;16.0;;108.0;83.0;5.0;14.0;2.0;;;;;;;;;;;;;;;;;;;;;;;;;;;;;;;;;45.0;545
REGENTE FEIJO;;;1507.0;;;;;;;;;15.0;;;;;90.0;3.0;4.0;;;;;;;;;;;;;;;;;;;;;;;;;;;;;;;;160.0;1779
RIBEIRAO BONITO;;;73.0;3.0;6.0;;;;;;;8.0;;;70.0;;8.0;1.0;;;;;;;;;;;;;1.0;;1.0;;6.0;;;;;;;;;;;;;;;;50.0;227
RIBEIRAO BRANCO;;;485.0;;36.0;;;;;;;28.0;;;223.0;;32.0;1.0;;;;1.0;;1.0;1.0;;;;;;;;;;;;;;;;;;;;;;;;;;83.0;891
RIBEIRAO PIRES;;;4398.0;;25.0;2.0;52.0;;;;;182.0;;67.0;75.0;541.0;77.0;2.0;1.0;;;3.0;;38.0;;;;;;;1.0;;26.0;;36.0;1.0;;;;;;;;;;;;;;;577.0;6104
RIBEIRAO PRETO;;30.0;49572.0;595.0;2231.0;437.0;862.0;152.0;14.0;134.0;70.0;2011.0;1341.0;340.0;7341.0;7653.0;1004.0;224.0;550.0;620.0;;27.0;1191.0;113.0;21.0;;71.0;44.0;11.0;212.0;184.0;297.0;102.0;12.0;132.0;73.0;;;72.0;52.0;24.0;7.0;2.0;14.0;;1.0;84.0;530.0;1553.0;108.0;6094.0;86212
RINOPOLIS;;;;;13.0;;;;;;;5.0;;;42.0;;11.0;;4.0;;;2.0;;;;;;;;;;;;;;;;;;;;;;;;;;;;;77.0;154
RIO CLARO;;7.0;6678.0;221.0;342.0;77.0;85.0;8.0;;24.0;;453.0;292.0;178.0;3780.0;4106.0;245.0;80.0;60.0;186.0;;17.0;404.0;42.0;350.0;1.0;7.0;14.0;1.0;12.0;56.0;91.0;55.0;6.0;115.0;18.0;;1.0;14.0;38.0;7.0;3.0;1.0;4.0;;;;12.0;239.0;;2127.0;20457
RIO DAS PEDRAS;;;1102.0;9.0;56.0;1.0;5.0;;;;;33.0;;;44.0;;34.0;;;;;;;;8.0;;;;;;3.0;;19.0;;;;;;;;;;;;;;;;;;175.0;1489
RIOLANDIA;;;14.0;;;;;;;;;;;;43.0;;6.0;;1.0;;;2.0;;;;;;;;;;;;;;;;;;;;;;;;;;;;;;66
SALES OLIVEIRA;;;45.0;;;;;;;;;;;;6.0;;8.0;2.0;3.0;;;;;1.0;;;;;;;;;4.0;;3.0;;;;;;;;;;;;;;;;;72
SALESOPOLIS;;;414.0;;11.0;;;;;;;19.0;;;5.0;;25.0;;;2.0;;1.0;;;;;;;;;;;;;;;;;;;;;;;;;;;;;;477
SALTO;;;4666.0;42.0;241.0;51.0;123.0;;;12.0;;287.0;179.0;69.0;853.0;1058.0;195.0;15.0;20.0;97.0;4.0;5.0;36.0;29.0;65.0;;2.0;7.0;;3.0;43.0;34.0;18.0;2.0;44.0;5.0;;2.0;19.0;;2.0;;;;;;;55.0;74.0;;856.0;9213
SALTO DE PIRAPORA;;;82.0;109.0;21.0;;;;;;;13.0;;;201.0;;59.0;1.0;4.0;;;2.0;;9.0;3.0;;1.0;;;6.0;61.0;1.0;72.0;;9.0;;;;;;;;;;;;;;6.0;;87.0;747
SALTO GRANDE;;;121.0;;4.0;;;;;;;1.0;;5.0;157.0;12.0;15.0;;;;;;;;;;;;;;6.0;;7.0;;6.0;;;;1.0;;;;;;;;;;;5.0;22.0;362
SANTA ADELIA;;;64.0;;12.0;3.0;;;;;;6.0;;;185.0;8.0;12.0;;2.0;2.0;;;;;;;;;;5.0;3.0;;3.0;;;;;;1.0;;;;;;;;;;;;;306
SANTA BARBARA D'OESTE;;1.0;12204.0;161.0;955.0;81.0;86.0;;;22.0;;355.0;255.0;93.0;3406.0;3140.0;162.0;;145.0;136.0;;7.0;860.0;39.0;869.0;1.0;3.0;6.0;1.0;4.0;87.0;68.0;41.0;;53.0;27.0;;3.0;8.0;;20.0;;;;;;;59.0;95.0;;2362.0;25815
SANTA CRUZ DAS PALMEIRAS;;;312.0;8.0;50.0;;;;;;;35.0;;138.0;2996.0;206.0;46.0;;;11.0;3.0;;;3.0;1.0;;;3.0;;;10.0;12.0;6.0;;15.0;;;;;;;;;;;;;6.0;7.0;13.0;206.0;4087
SANTA CRUZ DO RIO PARDO;;1.0;2886.0;150.0;213.0;52.0;131.0;;;;;200.0;163.0;;1989.0;644.0;150.0;6.0;6.0;71.0;;9.0;12.0;12.0;287.0;;8.0;8.0;;;36.0;58.0;27.0;;38.0;4.0;;;4.0;;;;;;;;;37.0;43.0;4.0;385.0;7634
SANTA FE DO SUL;;;3146.0;40.0;63.0;24.0;68.0;;;;;195.0;138.0;14.0;48.0;866.0;483.0;;23.0;69.0;;5.0;5.0;7.0;11.0;;;;;;48.0;14.0;9.0;;8.0;2.0;;;;;3.0;;;;;;;3.0;26.0;;873.0;6191
SANTA ISABEL;;;2761.0;24.0;86.0;28.0;17.0;;;;;104.0;42.0;42.0;215.0;356.0;92.0;5.0;4.0;43.0;;1.0;;11.0;67.0;;1.0;;;;14.0;10.0;24.0;;28.0;1.0;;;5.0;;;;;;;;;16.0;3.0;;692.0;4692
SANTA RITA DO PASSA QUATRO;;;311.0;;25.0;;;;;;;24.0;;;164.0;;31.0;1.0;3.0;8.0;;4.0;;1.0;;;;;;;9.0;6.0;;;8.0;;;;;;;;;;;;;1.0;7.0;;122.0;725
SANTA ROSA DE VITERBO;;;259.0;;10.0;6.0;;;;;;12.0;;;668.0;;43.0;;3.0;7.0;;2.0;;1.0;;;;;;;;;;;;;;;;;;;;;;;;;;;179.0;1190
SANTANA DE PARNAIBA;;316.0;1720.0;;56.0;;;;;;;237.0;;;2714.0;;123.0;4.0;7.0;;;;;48.0;;;;;;;;;;;31.0;;;;;;;;;;;;;;;;;5256
SANTO ANASTACIO;;;848.0;12.0;43.0;24.0;;;;;;20.0;;4.0;187.0;20.0;70.0;8.0;2.0;;;4.0;;3.0;;;1.0;;;;;1.0;3.0;;1.0;;;;;;;;;;;;;1.0;;;239.0;1491
SANTO ANDRE;;32.0;49951.0;375.0;1104.0;286.0;971.0;107.0;;63.0;;1866.0;933.0;15728.0;32809.0;11639.0;1525.0;44.0;332.0;657.0;3.0;136.0;1475.0;187.0;156.0;4.0;29.0;24.0;8.0;37.0;315.0;313.0;192.0;14.0;148.0;23.0;6.0;9.0;29.0;5.0;31.0;;;;;;;398.0;703.0;261.0;5181.0;128109
SANTO ANTONIO DA ALEGRIA;;;;;;;;;;;;;;;3.0;;2.0;;3.0;;;;;;;;;;;;;;;;;;;;;;;;;;;;;;;;;8
SANTOS;;517.0;66114.0;869.0;3080.0;990.0;1215.0;150.0;;179.0;5.0;3611.0;984.0;19054.0;33907.0;23103.0;1233.0;367.0;500.0;1425.0;;104.0;2194.0;234.0;1162.0;3.0;71.0;15.0;21.0;136.0;246.0;189.0;181.0;20.0;243.0;155.0;11.0;1.0;62.0;64.0;40.0;;;17.0;;1.0;;355.0;764.0;377.0;14547.0;178516
SAO BENTO DO SAPUCAI;;;280.0;;7.0;3.0;;;;;;5.0;;3.0;97.0;5.0;19.0;;;;;1.0;;1.0;;;;;;;2.0;;;;2.0;;;;1.0;;;;;;;;;;;;108.0;534
SAO BERNARDO DO CAMPO;;85.0;91583.0;252.0;4144.0;984.0;1099.0;57.0;1.0;109.0;61.0;3128.0;654.0;26192.0;90557.0;43918.0;2374.0;170.0;1116.0;980.0;1.0;74.0;3880.0;194.0;6506.0;8.0;48.0;48.0;2.0;466.0;420.0;281.0;372.0;29.0;184.0;122.0;4.0;7.0;58.0;96.0;54.0;;;;;;;848.0;1579.0;529.0;13617.0;296891
SAO CAETANO DO SUL;;108.0;34872.0;288.0;1132.0;563.0;719.0;;;86.0;2.0;1227.0;553.0;18702.0;14684.0;8095.0;568.0;30.0;104.0;219.0;;18.0;738.0;26.0;655.0;3.0;2.0;4.0;17.0;6.0;115.0;46.0;159.0;11.0;43.0;13.0;3.0;1.0;3.0;25.0;6.0;;;;;;;170.0;151.0;;3118.0;87285
SAO CARLOS;;2.0;24411.0;590.0;1922.0;453.0;620.0;98.0;9.0;29.0;;1371.0;467.0;307.0;6866.0;14331.0;577.0;28.0;149.0;277.0;;40.0;933.0;76.0;16.0;1.0;31.0;3.0;;66.0;195.0;119.0;75.0;4.0;65.0;21.0;3.0;;31.0;68.0;;;;;;;;372.0;387.0;;4466.0;59479
SAO JOAO DA BOA VISTA;;2.0;9492.0;188.0;409.0;181.0;205.0;;;19.0;5.0;350.0;288.0;5109.0;11860.0;3579.0;202.0;17.0;22.0;152.0;;7.0;330.0;12.0;37.0;;10.0;4.0;;4.0;34.0;59.0;41.0;;74.0;8.0;1.0;3.0;4.0;10.0;6.0;;;;;;;94.0;82.0;14.0;1650.0;34564
SAO JOSE DO RIO PARDO;;2.0;3482.0;39.0;141.0;83.0;172.0;;;10.0;;125.0;73.0;2668.0;7213.0;724.0;215.0;2.0;31.0;38.0;;12.0;221.0;12.0;4.0;;;;;;32.0;57.0;8.0;;48.0;5.0;;2.0;;;4.0;;;;;;;38.0;78.0;;1166.0;16705
SAO JOSE DO RIO PRETO;;5.0;22647.0;1087.0;1101.0;636.0;786.0;46.0;;47.0;4.0;965.0;1580.0;156.0;3601.0;20048.0;5517.0;90.0;194.0;878.0;;19.0;953.0;50.0;219.0;1.0;29.0;38.0;9.0;105.0;124.0;163.0;98.0;7.0;124.0;55.0;15.0;;29.0;95.0;22.0;;1.0;7.0;;1.0;;103.0;3059.0;156.0;3990.0;68860
SAO JOSE DOS CAMPOS;;378.0;58280.0;1834.0;2406.0;707.0;1770.0;35.0;;138.0;;3692.0;2330.0;537.0;34615.0;23684.0;3526.0;311.0;265.0;1329.0;31.0;53.0;1283.0;199.0;102.0;7.0;32.0;77.0;69.0;112.0;285.0;231.0;210.0;6.0;259.0;70.0;25.0;67.0;16.0;139.0;2.0;;1.0;;;5.0;;313.0;762.0;;7237.0;147430
SAO LUIS DO PARAITINGA;;;115.0;;6.0;;;;;;;2.0;;;124.0;;27.0;;;;;;;;;;;;;;;;;;;;;;;;;;;;;;;;;;10.0;284
SAO MANUEL;;;68.0;;16.0;;4.0;;;;;69.0;10.0;;252.0;;30.0;;10.0;;;;;14.0;;;;;;;;;;;15.0;;;;;;;;;;;;;;;;291.0;779
SAO MIGUEL ARCANJO;;;1384.0;;82.0;4.0;;;;;;22.0;;398.0;1578.0;416.0;46.0;4.0;5.0;;;1.0;;;2.0;;;;;;33.0;;12.0;;;;;;;;;;;;;;;;;;325.0;4312
SAO PAULO;;3777.0;454570.0;5069.0;17467.0;6602.0;10686.0;493.0;25.0;684.0;87.0;16392.0;4077.0;66844.0;281752.0;80655.0;17899.0;1729.0;2662.0;4366.0;2.0;286.0;8263.0;2387.0;2741.0;12.0;275.0;519.0;424.0;1028.0;3238.0;3065.0;2989.0;129.0;1530.0;339.0;122.0;37.0;275.0;260.0;116.0;859.0;36.0;148.0;;114.0;3004.0;17135.0;5181.0;2671.0;53589.0;1086610
SAO PEDRO;;18.0;2707.0;138.0;106.0;12.0;24.0;;;;;89.0;;136.0;1867.0;447.0;47.0;2.0;;32.0;;;;15.0;25.0;;;1.0;;44.0;61.0;20.0;70.0;;18.0;;1.0;;;;;;;;;;;;38.0;30.0;485.0;6433
SAO ROQUE;;;3088.0;43.0;241.0;29.0;;;;;;315.0;67.0;2083.0;2075.0;;113.0;4.0;2.0;23.0;;11.0;;48.0;10.0;;;;;;26.0;9.0;32.0;;44.0;;;;;;;;;;;;;36.0;1.0;8.0;1095.0;9403
SAO SEBASTIAO;;;8559.0;70.0;28.0;41.0;93.0;;;6.0;;105.0;;82.0;2504.0;770.0;224.0;6.0;49.0;103.0;;16.0;;47.0;3.0;;;1.0;;;34.0;27.0;55.0;1.0;38.0;;1.0;;2.0;;;;;;;;;2.0;42.0;;802.0;13711
SAO SEBASTIAO DA GRAMA;;;84.0;2.0;17.0;;;;;;;2.0;;;166.0;;18.0;1.0;;2.0;;2.0;;;1.0;;;;;;8.0;;;;;;;;;;;;;;;;;;5.0;;153.0;461
SAO SIMAO;;;;;;;;;;;;11.0;;;287.0;;20.0;;;;;;;;;;;;;;;;;;;;;;;;;;;;;;;;;;172.0;490
SAO VICENTE;;28.0;9395.0;;46.0;166.0;;;;9.0;;450.0;244.0;3136.0;3986.0;1852.0;494.0;14.0;8.0;123.0;;22.0;52.0;61.0;936.0;;;1.0;;1.0;59.0;45.0;18.0;1.0;109.0;13.0;6.0;;2.0;;1.0;;;;;;;196.0;160.0;6.0;3468.0;25108
SERRA NEGRA;;;12.0;;31.0;;;;;;;49.0;;12.0;22.0;;40.0;1.0;5.0;5.0;;4.0;;2.0;;;;;;;1.0;11.0;;;10.0;;;;;;;;;;;;;;17.0;;217.0;439
SERRANA;;;133.0;;5.0;;;;;;;6.0;;;1057.0;;37.0;;1.0;;;11.0;;;18.0;;;;;;;;;;;;;;;;;;;;;;;;;;86.0;1354
SERTAOZINHO;;;5983.0;303.0;936.0;93.0;100.0;12.0;;32.0;3.0;309.0;467.0;82.0;1717.0;4577.0;121.0;;22.0;148.0;;19.0;542.0;36.0;96.0;;66.0;;;14.0;60.0;261.0;55.0;;62.0;16.0;1.0;8.0;48.0;;3.0;;;2.0;;;;124.0;221.0;1.0;1766.0;18306
SILVEIRAS;;;12.0;;;;;;;;;2.0;;;1.0;;2.0;;;;;;;;;;;;;;;;;;;;;;;;;;;;;;;;;;;17
SOCORRO;;;2598.0;33.0;177.0;;;;;;;128.0;;;174.0;;97.0;7.0;4.0;;;4.0;;;41.0;;;;;3.0;11.0;22.0;8.0;;24.0;2.0;1.0;;1.0;;;;;;;;;7.0;32.0;;357.0;3731
SOROCABA;3.0;132.0;45477.0;534.0;2675.0;1022.0;645.0;8.0;;123.0;;3014.0;813.0;379.0;8996.0;7318.0;1159.0;117.0;182.0;762.0;154.0;13.0;1522.0;225.0;62.0;2.0;15.0;29.0;;126.0;191.0;172.0;159.0;2.0;182.0;55.0;5.0;;14.0;73.0;30.0;32.0;;;;6.0;32.0;509.0;965.0;162.0;9163.0;87259
SUD MENNUCCI;;;12.0;;;;;;;;;;;6.0;35.0;;9.0;;1.0;;;1.0;;1.0;;;;;;;13.0;1.0;2.0;;7.0;;;;;;;;;;;;;;;;6.0;94
SUZANO;;9.0;4587.0;31.0;324.0;83.0;17.0;;;;;697.0;84.0;391.0;3312.0;1739.0;73.0;;;53.0;;3.0;3.0;129.0;;;;;;;17.0;61.0;1.0;;80.0;2.0;1.0;;;;;;;;;;;100.0;80.0;;754.0;12631
TABAPUA;;;456.0;;19.0;;;;;;;16.0;;;218.0;;50.0;;12.0;1.0;;;;;;;;;;;6.0;;;;;;;;;;;;;;;;;;;;71.0;849
TABATINGA;;;443.0;5.0;15.0;;;;;;;;;;137.0;;38.0;;6.0;;;;;1.0;;;;;;;9.0;;3.0;;6.0;;;;;;;;;;;;;;;;92.0;755
TABOAO DA SERRA;;845.0;65.0;;86.0;;;;;;;300.0;;63.0;5646.0;275.0;232.0;8.0;8.0;;;16.0;;29.0;11.0;;;;;;;;18.0;;38.0;13.0;;;;;;;;;;;;70.0;;7.0;755.0;8485
TAGUAI;;;347.0;;42.0;5.0;;;;;;22.0;;87.0;364.0;44.0;20.0;;;;;;;4.0;;;;;;;3.0;;1.0;;5.0;;;;;;;;;;;;;;;6.0;85.0;1035
TAMBAU;;;452.0;19.0;17.0;17.0;;;;;;5.0;;;1408.0;34.0;43.0;2.0;;4.0;;3.0;;2.0;1.0;;1.0;;;;12.0;4.0;7.0;1.0;8.0;;;;;;;;;;;;;;;;27.0;2067
TAPIRATIBA;;;;;5.0;;;;;;;1.0;;17.0;97.0;;12.0;1.0;3.0;1.0;;2.0;;;;;;;;;6.0;;8.0;;;;;;;;;;;;;;;;;;73.0;226
TAQUARITINGA;;;2550.0;21.0;187.0;94.0;106.0;14.0;;;;79.0;;;140.0;524.0;149.0;8.0;3.0;;;1.0;;3.0;4.0;;1.0;2.0;;5.0;28.0;26.0;36.0;2.0;22.0;1.0;;;3.0;;;;;;;;;;13.0;;724.0;4746
TAQUARITUBA;;;590.0;;40.0;;;;;;;102.0;;46.0;482.0;;69.0;;3.0;;;10.0;;11.0;7.0;;2.0;;;;8.0;23.0;7.0;;14.0;;;;2.0;;;;;;;;;3.0;25.0;25.0;249.0;1718
TATUI;;8.0;7762.0;102.0;442.0;72.0;31.0;8.0;;4.0;;103.0;;178.0;1891.0;2051.0;372.0;;7.0;9.0;;3.0;;78.0;2.0;;1.0;2.0;;;89.0;27.0;29.0;3.0;92.0;1.0;;;4.0;;;;;;;;;3.0;36.0;161.0;1431.0;15002
TAUBATE;;9.0;19998.0;1043.0;1195.0;362.0;338.0;;;83.0;;426.0;704.0;256.0;1829.0;2458.0;651.0;;158.0;291.0;;6.0;968.0;93.0;1.0;;15.0;6.0;;1.0;34.0;145.0;73.0;14.0;144.0;21.0;;2.0;12.0;37.0;16.0;;;;;;;165.0;102.0;;2853.0;34509
TEODORO SAMPAIO;;;898.0;;35.0;;;;;;;76.0;;;525.0;;66.0;;7.0;13.0;;;;2.0;;;;;;;1.0;;;;4.0;;;;;;;;;;;;;;;;256.0;1883
TERRA ROXA;;;30.0;;;;;;;;;;;;;;15.0;;;;;;;;;;;;;;;;;;;;;;;;;;;;;;;;;;;45
TIETE;;;855.0;36.0;42.0;;;;;;;54.0;15.0;;2569.0;;109.0;;;;;4.0;;19.0;;;;;;7.0;3.0;4.0;8.0;;36.0;;;;;;;;;;;;;6.0;;;238.0;4005
TORRINHA;;;82.0;;3.0;;;;;;;2.0;;;;;9.0;;1.0;;;;;;;;;;;;;;;;;;;;;;;;;;;;;;;;;97
TUPI PAULISTA;;;900.0;10.0;38.0;14.0;;;;;;21.0;62.0;;5.0;119.0;64.0;4.0;3.0;31.0;;1.0;;2.0;;;;;;;7.0;;1.0;;4.0;;;;;;;;;;;;;1.0;;4.0;305.0;1596
UBATUBA;;;4796.0;17.0;251.0;57.0;167.0;;;;;357.0;94.0;129.0;744.0;148.0;266.0;1.0;2.0;48.0;;29.0;;33.0;;;;;;;26.0;10.0;10.0;1.0;27.0;3.0;3.0;;9.0;;;;;;;;;13.0;8.0;;400.0;7649
URANIA;;;144.0;;;;;;;;;;;;58.0;;12.0;;;;;;;;;;;;;;;;;;;;;;;;;;;;;;;;;;;214
URUPES;;;430.0;;27.0;;;;;;;5.0;;;190.0;;39.0;;1.0;;;;;;;;;;;;;;;;;;;;;;;;;;;;;;;;167.0;859
VALINHOS;;;4651.0;73.0;206.0;86.0;233.0;;;20.0;;260.0;378.0;46.0;1009.0;3026.0;156.0;8.0;36.0;101.0;;13.0;;18.0;927.0;;1.0;4.0;;1.0;48.0;51.0;27.0;;25.0;16.0;1.0;;6.0;;3.0;;;;;;;229.0;87.0;;2140.0;13886
VALPARAISO;;;292.0;11.0;24.0;;;;;;;12.0;;18.0;;42.0;25.0;1.0;2.0;;;;;;;;;;;;9.0;;4.0;;9.0;;;;;;;;;;;;;;;7.0;56.0;512
VARGEM GRANDE DO SUL;;1.0;1541.0;88.0;117.0;40.0;;;;;;67.0;32.0;29.0;717.0;;98.0;;8.0;32.0;;3.0;;10.0;40.0;;1.0;;;1.0;27.0;18.0;24.0;;21.0;3.0;;;;;;;;;;;;3.0;22.0;17.0;645.0;3605
VARZEA PAULISTA;;;774.0;;40.0;;;;;;;;;;1.0;;50.0;1.0;5.0;;;;;;;;;;;;;;;;;;;;;;;;;;;;;;;;18.0;889
VINHEDO;;3.0;3817.0;152.0;187.0;85.0;153.0;1.0;;88.0;;149.0;;45.0;416.0;1062.0;100.0;6.0;23.0;;;1.0;80.0;11.0;79.0;2.0;2.0;;;7.0;58.0;34.0;74.0;3.0;34.0;3.0;4.0;;9.0;;3.0;;;;;;;2.0;42.0;8.0;449.0;7192
VIRADOURO;;;256.0;;6.0;2.0;;;;;;1.0;;;620.0;;27.0;;;;;;;;;;;;;;;;;;;;;;;;;;;;;;;10.0;;;67.0;989
VOTORANTIM;;;4695.0;61.0;109.0;53.0;;;;;;181.0;;93.0;2503.0;781.0;187.0;5.0;32.0;71.0;;1.0;;50.0;3.0;;;1.0;52.0;19.0;85.0;11.0;41.0;2.0;44.0;1.0;;1.0;;;;;;;;;;4.0;30.0;;977.0;10093
SAO PAULO - GESTAO ESTADUAL;34.0;4319.0;2112411.0;27988.0;78878.0;23752.0;38087.0;3026.0;309.0;4461.0;953.0;60480.0;29925.0;94426.0;574728.0;427155.0;156415.0;8186.0;12205.0;27894.0;137.0;1692.0;62110.0;4909.0;26179.0;206.0;1974.0;2853.0;3731.0;5493.0;11248.0;9678.0;6904.0;575.0;4765.0;2203.0;716.0;257.0;1102.0;3413.0;534.0;2006.0;80.0;509.0;9.0;333.0;6270.0;43893.0;33624.0;1479.0;291010.0;4215524
TOTAL;332.0;19725.0;4159432.0;54835.0;168908.0;50234.0;78544.0;4938.0;360.0;7892.0;1395.0;152701.0;59817.0;389004.0;1616970.0;906839.0;252312.0;13358.0;24219.0;51789.0;349.0;3946.0;110717.0;13758.0;59774.0;273.0;3336.0;4340.0;4972.0;9384.0;23830.0;22147.0;16913.0;1048.0;15037.0;4432.0;1139.0;490.0;2543.0;5018.0;1225.0;2949.0;143.0;791.0;9.0;468.0;9395.0;72690.0;65254.0;8272.0;615004.0;9093250
FONTE: MINISTERIO DA SAUDE - SISTEMA DE INFORMACOES HOSPITALARES DO SUS (SIH/SUS);;;;;;;;;;;;;;;;;;;;;;;;;;;;;;;;;;;;;;;;;;;;;;;;;;;;
NOTAS:;;;;;;;;;;;;;;;;;;;;;;;;;;;;;;;;;;;;;;;;;;;;;;;;;;;;
DADOS REFERENTES AOS ULTIMOS SEIS MESES, SUJEITOS A ATUALIZACAO.;;;;;;;;;;;;;;;;;;;;;;;;;;;;;;;;;;;;;;;;;;;;;;;;;;;;
