"Municipio";"0101 Acoes coletivas/individuais em saude";"0201 Coleta de material";"0202 Diagnostico em laboratorio clinico";"0203 Diagnostico por anatomia patologica e citopatologia";"0204 Diagnostico por radiologia";"0205 Diagnostico por ultrasonografia";"0206 Diagnostico por tomografia";"0207 Diagnostico por ressonancia magnetica";"0208 Diagnostico por medicina nuclear in vivo";"0209 Diagnostico por endoscopia";"0210 Diagnostico por radiologia intervencionista";"0211 Metodos diagnosticos em especialidades";"0212 Diagnostico e procedimentos especiais em hemoterapia";"0214 Diagnostico por teste rapido";"0301 Consultas / Atendimentos / Acompanhamentos";"0302 Fisioterapia";"0303 Tratamentos clinicos (outras especialidades)";"0304 Tratamento em oncologia";"0305 Tratamento em nefrologia";"0306 Hemoterapia";"0307 Tratamentos odontologicos";"0308 Tratamento de lesoes, envenenamentos e outros, decorrentes de causas externas";"0309 Terapias especializadas";"0310 Parto e nascimento";"0401 Pequenas cirurgias e cirurgias de pele, tecido subcutaneo e mucosa";"0402 Cirurgia de glandulas endocrinas";"0403 Cirurgia do sistema nervoso central e periferico";"0404 Cirurgia das vias aereas superiores, da face, da cabeca e do pescoco";"0405 Cirurgia do aparelho da visao";"0406 Cirurgia do aparelho circulatorio";"0407 Cirurgia do aparelho digestivo, orgaos anexos e parede abdominal";"0408 Cirurgia do sistema osteomuscular";"0409 Cirurgia do aparelho geniturinario";"0410 Cirurgia de mama";"0411 Cirurgia obstetrica";"0412 Cirurgia toracica";"0413 Cirurgia reparadora";"0414 Bucomaxilofacial";"0415 Outras cirurgias";"0416 Cirurgia em oncologia";"0418 Cirurgia em nefrologia";"0501 Coleta e exames para fins de doacao de orgaos, tecidos e celulas e de transplante";"0502 Avaliacao de morte encefalica";"0503 Acoes relacionadas a doacao de orgaos e tecidos para transplante";"0504 Processamento de tecidos para transplante";"0505 Transplante de orgaos, tecidos e celulas";"0506 Acompanhamento e intercorrencias no pre e pos-transplante";"0603 Medicamentos de ambito hospitalar e urgencia";"0702 Orteses, proteses e materiais especiais relacionados ao ato cirurgico";"0801 Acoes relacionadas ao estabelecimento";"0802 Acoes relacionadas ao atendimento";"Total"
"350010 Adamantina";-;2;5221;39;180;69;144;-;-;6;-;144;232;62;1029;915;3595;-;30;107;-;6;5;3;33;-;-;2;-;-;41;33;4;-;30;4;-;1;-;-;4;-;-;-;-;-;-;106;49;12;996;13104
"350050 Aguas de Lindoia";-;-;-;-;17;28;-;-;-;-;-;40;-;-;21;-;60;1;3;19;-;-;-;1;32;-;-;-;-;-;6;4;-;-;6;-;-;-;3;-;-;-;-;-;-;-;-;-;7;-;265;513
"350070 Agudos";-;-;346;-;8;-;-;-;-;-;-;3;-;20;24;-;14;-;-;-;-;-;-;7;1;-;1;1;-;2;33;21;13;-;15;-;1;-;-;-;-;-;-;-;-;-;-;-;8;-;-;518
"350100 Altinopolis";-;-;669;-;32;3;-;-;-;-;-;33;-;288;936;53;84;-;5;-;-;13;-;-;-;-;-;-;-;-;-;-;-;-;-;-;-;-;-;-;-;-;-;-;-;-;-;4;-;-;82;2202
"350110 Alto Alegre";-;-;46;-;5;-;-;-;-;-;-;-;-;2;11;-;9;-;-;16;-;-;-;-;-;-;-;-;-;-;-;-;-;-;-;-;-;-;-;-;-;-;-;-;-;-;-;-;-;-;-;89
"350130 Alvares Machado";-;-;421;-;12;-;-;-;-;-;-;32;-;-;323;-;41;-;3;-;-;-;-;-;-;-;-;-;-;-;-;-;-;-;-;-;-;-;-;-;-;-;-;-;-;-;-;-;-;-;-;832
"350160 Americana";-;1;7992;103;105;191;160;16;-;10;1;585;276;122;3591;3982;523;15;28;171;-;9;210;49;4;-;2;2;-;-;43;62;45;2;80;7;-;-;11;-;4;-;-;-;-;-;-;29;43;111;2229;20814
"350170 Americo Brasiliense";-;-;534;-;2;4;-;-;-;-;-;7;-;-;133;-;17;-;2;-;-;-;-;-;-;-;-;-;-;-;-;-;-;-;-;-;-;-;-;-;-;-;-;-;-;-;-;-;-;-;138;837
"350190 Amparo";-;-;6031;37;236;67;158;-;-;-;-;271;-;192;2064;2472;4787;4;39;74;-;4;-;7;179;-;-;1;-;-;24;28;6;-;47;4;-;-;3;-;-;-;-;-;-;-;-;3;35;-;1098;17871
"350220 Angatuba";-;-;1702;-;248;-;-;-;-;-;-;83;-;17;709;225;84;2;5;11;-;6;-;7;-;-;-;-;-;-;8;-;5;-;11;-;-;-;-;-;-;-;-;-;-;-;-;-;-;11;737;3871
"350260 Aparecida d'Oeste";-;-;8;-;-;-;-;-;-;-;-;-;-;-;30;-;1;-;-;-;-;-;-;-;-;-;-;-;-;-;-;-;-;-;-;-;-;-;-;-;-;-;-;-;-;-;-;-;-;-;6;45
"350270 Apiai";-;10;412;-;68;3;-;-;-;-;-;105;-;943;818;63;87;1;1;14;-;1;-;9;139;-;1;2;-;-;7;4;3;-;12;-;-;-;-;-;-;-;-;-;-;-;-;16;-;-;393;3112
"350280 Aracatuba";-;-;109;-;-;-;-;-;-;-;-;-;-;-;-;-;1860;-;-;-;-;-;-;-;-;-;-;-;-;-;-;-;-;-;-;-;-;-;-;-;-;-;-;-;-;-;-;-;-;-;-;1969
"350310 Arandu";-;-;-;-;-;-;-;-;-;-;-;-;-;-;-;-;7;-;-;-;-;-;-;-;-;-;-;-;-;-;-;-;-;-;-;-;-;-;-;-;-;-;-;-;-;-;-;-;-;-;-;7
"350320 Araraquara";-;24;16410;579;1135;333;490;60;-;61;28;868;-;10;5855;7095;1050;251;103;233;-;14;588;50;288;-;11;19;30;101;111;103;47;2;71;37;-;3;14;63;-;4;4;6;-;5;-;160;790;-;3225;40331
"350330 Araras";-;12;11504;167;741;93;110;1;-;12;-;791;210;-;20480;3170;161;86;43;156;-;3;698;30;137;-;4;14;-;30;95;52;44;1;56;20;1;-;9;8;3;-;-;-;-;-;-;8;221;-;1895;41066
"350340 Arealva";-;-;-;-;-;-;-;-;-;-;-;-;-;-;6;-;8;-;1;-;-;-;-;-;-;-;-;-;-;-;-;-;-;-;3;-;-;-;-;-;-;-;-;-;-;-;-;-;-;-;-;18
"350390 Aruja";-;60;2784;16;16;23;29;-;-;-;-;352;-;220;2440;-;85;1;1;24;-;5;-;30;-;-;-;-;-;-;-;-;4;-;39;-;-;-;-;-;-;-;-;-;-;-;-;-;-;-;2;6131
"350400 Assis";-;1;3722;80;112;226;65;-;-;7;-;153;27;42;939;712;90;-;6;22;-;3;66;16;663;-;5;5;-;37;44;153;53;1;32;143;7;-;13;-;-;-;-;-;-;-;-;17;120;85;828;8495
"350410 Atibaia";-;-;3438;-;279;24;-;-;-;3;-;100;-;-;961;-;130;10;12;19;-;8;-;23;-;-;-;-;-;-;31;57;48;-;21;1;-;-;-;-;-;-;-;-;-;-;-;-;-;-;528;5693
"350420 Auriflama";-;-;240;30;8;-;-;-;-;-;-;7;-;-;116;53;37;-;4;14;-;-;-;1;1;-;-;-;-;-;23;-;30;2;6;-;-;-;-;-;-;-;-;-;-;-;-;-;2;-;137;711
"350450 Avare";-;1;5816;84;376;51;140;11;-;1;-;468;70;134;1923;1448;207;7;33;72;-;13;6;45;1084;-;21;1;-;4;81;184;26;-;30;7;6;-;38;2;3;-;-;-;-;-;-;3;190;-;1723;14309
"350520 Bariri";-;-;2010;-;99;17;-;-;-;-;-;99;31;10;636;12;97;-;3;30;-;8;-;1;1;-;-;-;-;-;24;3;6;-;9;1;-;-;-;-;-;-;-;-;-;-;-;-;-;-;597;3694
"350530 Barra Bonita";-;-;1587;11;86;44;-;-;-;2;-;97;85;828;1061;328;97;2;6;43;-;3;-;5;45;1;-;-;-;-;19;17;1;-;15;-;-;-;2;-;-;-;-;-;-;-;-;19;24;-;428;4856
"350550 Barretos";-;4;11687;79;543;279;547;15;-;44;7;752;261;-;2263;2196;591;2;35;146;-;15;400;25;2;-;4;6;-;48;48;106;27;-;55;13;1;2;15;-;4;-;-;-;-;-;-;48;306;5;1281;21862
"350570 Barueri";-;241;50628;202;835;385;650;-;-;108;-;2842;389;28463;34420;2452;1353;43;144;385;-;15;888;177;281;10;28;47;145;23;304;145;282;16;165;43;7;-;26;-;-;-;-;16;-;-;-;212;117;13;6119;132619
"350580 Bastos";-;-;245;-;29;-;-;-;-;-;-;-;3;-;103;-;63;-;1;3;-;1;-;-;-;-;-;-;-;-;12;-;8;-;-;-;-;-;-;-;-;-;-;-;-;-;-;-;-;-;105;573
"350590 Batatais";-;1;4293;35;275;58;128;-;-;-;-;247;-;76;1749;1494;488;6;11;54;-;11;428;4;9;-;-;2;102;-;34;47;13;-;35;7;2;-;-;-;3;-;-;-;-;-;-;70;70;-;734;10486
"350600 Bauru";-;-;-;-;-;-;-;-;-;-;-;-;-;-;2;-;2;-;-;-;-;-;-;-;-;-;-;-;-;-;-;-;-;-;-;-;-;-;-;-;-;-;-;-;-;-;-;-;-;-;-;4
"350610 Bebedouro";-;-;1817;55;1;13;-;-;-;-;-;115;-;1010;1409;13;56;-;4;21;-;-;-;20;73;-;-;-;-;1;59;9;25;-;56;2;-;-;1;-;-;-;-;-;-;-;-;4;11;-;338;5113
"350630 Bernardino de Campos";-;-;458;-;13;-;-;-;-;-;-;34;-;-;513;-;50;2;4;-;-;-;-;-;-;-;-;-;-;-;-;-;-;-;-;-;-;-;-;-;-;-;-;-;-;-;-;-;-;-;64;1138
"350635 Bertioga";-;-;264;-;-;-;-;-;-;-;-;-;-;66;1666;-;97;3;9;-;-;3;-;38;44;-;-;-;19;-;8;22;19;1;36;-;-;-;-;-;-;-;-;-;-;-;-;-;-;-;319;2614
"350640 Bilac";-;-;-;-;-;-;-;-;-;-;-;1;-;-;3;-;7;-;-;-;-;-;-;-;-;-;-;-;-;-;-;-;-;-;-;-;-;-;-;-;-;-;-;-;-;-;-;-;-;-;-;11
"350650 Birigui";-;-;5274;43;497;-;-;-;-;-;-;373;150;63;1734;-;169;-;-;153;-;13;-;30;1;-;-;3;-;-;28;79;21;-;27;6;-;-;13;-;-;-;-;-;-;-;-;4;72;-;1436;10189
"350670 Boa Esperanca do Sul";-;-;46;-;-;-;-;-;-;-;-;1;-;-;10;-;6;-;-;-;-;-;-;-;-;-;-;-;-;-;-;-;-;-;-;-;-;-;-;-;-;-;-;-;-;-;-;-;-;-;24;87
"350680 Bocaina";-;-;49;-;18;3;-;-;-;-;-;7;-;-;-;-;10;-;-;-;-;-;-;-;-;-;-;-;-;-;-;-;-;-;-;-;-;-;-;-;-;-;-;-;-;-;-;-;-;-;31;118
"350700 Boituva";-;45;1924;33;67;18;49;-;-;-;-;114;-;1615;1095;189;97;-;5;6;-;4;2;23;7;-;-;-;-;2;15;-;18;-;28;1;-;-;-;-;-;-;-;-;-;-;-;21;2;-;382;5762
"350710 Bom Jesus dos Perdoes";-;-;-;-;6;-;-;-;-;-;-;7;-;-;57;-;13;-;-;-;-;-;-;-;-;-;-;-;-;-;-;-;-;-;-;-;-;-;-;-;-;-;-;-;-;-;-;-;-;-;33;116
"350740 Borborema";-;-;301;16;16;-;-;-;-;-;-;8;14;-;905;-;26;4;1;7;-;1;-;-;-;-;-;-;-;-;7;-;1;-;10;-;-;-;-;-;-;-;-;-;-;-;-;3;2;-;132;1454
"350760 Braganca Paulista";-;-;5093;150;526;79;224;-;-;13;-;221;53;95;2207;1207;181;2;8;34;-;9;254;26;6;-;-;1;98;11;61;73;44;-;63;10;-;-;5;-;-;-;-;-;-;-;-;24;137;71;1083;12069
"350790 Brotas";-;-;420;-;33;2;-;-;-;-;-;29;-;327;996;204;42;6;2;5;-;1;-;4;-;-;-;-;-;-;-;13;-;-;7;-;1;-;-;-;-;-;-;-;-;-;-;-;7;-;301;2400
"350810 Buritama";-;-;492;-;27;6;-;-;-;-;-;33;-;-;162;-;40;-;-;-;-;1;-;6;-;-;-;-;-;-;-;-;-;-;4;-;-;-;-;-;-;-;-;-;-;-;-;-;-;-;139;910
"350850 Cacapava";-;2;1420;29;173;15;70;1;-;3;-;144;136;5109;1669;2699;120;-;24;54;-;5;-;10;95;-;2;-;-;4;34;20;18;-;12;56;-;-;4;-;4;-;-;-;-;-;-;-;36;-;1152;13120
"350860 Cachoeira Paulista";-;-;242;-;54;-;-;-;-;-;-;20;-;1191;271;-;57;1;4;-;-;-;-;-;-;-;-;-;-;-;-;-;-;-;-;-;-;-;-;-;-;-;-;-;-;-;-;-;-;-;23;1863
"350880 Cafelandia";-;-;328;-;32;4;-;-;-;-;-;21;-;-;72;8;29;-;1;-;-;1;-;-;-;-;-;-;-;-;-;1;-;-;6;-;-;-;-;-;-;-;-;-;-;-;-;-;-;-;112;615
"350900 Caieiras";-;-;300;-;-;-;-;-;-;-;-;13;-;-;400;-;46;3;11;-;-;1;-;-;-;-;-;-;-;-;-;-;-;-;-;-;-;-;-;-;-;-;-;-;-;-;-;-;-;-;-;774
"350920 Cajamar";-;-;3053;-;217;17;99;-;-;-;-;133;-;142;3082;-;102;-;-;-;-;3;-;24;-;-;-;-;-;-;-;-;46;-;33;-;-;-;-;-;-;-;-;-;-;-;-;-;-;-;-;6951
"350930 Cajobi";-;-;54;-;-;-;-;-;-;-;-;2;-;2;43;-;9;-;-;-;-;-;-;-;4;-;-;1;-;-;2;-;2;-;2;-;-;-;-;-;-;-;-;-;-;-;-;-;-;2;28;151
"350940 Cajuru";-;-;1668;61;59;45;53;-;-;2;-;62;60;-;299;225;147;-;8;-;-;11;-;2;27;-;2;-;-;-;12;8;15;-;22;-;-;-;2;-;-;-;-;-;-;-;-;-;4;-;611;3405
"350950 Campinas";-;497;88141;2191;3105;1176;2380;235;-;110;19;2338;-;2380;43492;24484;2249;134;501;1131;-;48;1690;232;3562;3;54;130;75;184;439;432;355;34;356;110;25;1;77;103;25;-;-;-;-;1;-;766;1568;335;16623;201791
"350960 Campo Limpo Paulista";-;2;9103;25;523;49;181;-;-;-;-;148;-;3352;3693;1663;162;2;27;29;-;34;9;30;83;-;-;-;-;22;2;-;3;-;54;16;-;-;-;-;2;-;-;-;-;-;-;70;1;-;896;20181
"350970 Campos do Jordao";-;-;1444;-;26;9;-;-;-;-;-;64;-;1597;889;76;106;-;2;-;-;6;-;13;1;-;-;-;-;-;8;-;14;-;38;-;-;-;-;-;-;-;-;-;-;-;-;-;-;-;426;4719
"351000 Candido Mota";-;-;632;64;34;20;-;-;-;4;-;15;-;-;21;894;74;8;2;25;-;6;-;4;3;-;-;2;-;3;43;11;77;1;11;-;-;-;4;-;-;-;-;-;-;-;-;-;7;-;396;2361
"351020 Capao Bonito";-;-;1580;-;120;12;-;-;-;2;-;79;43;47;719;300;100;3;1;28;-;3;-;21;-;-;-;-;-;-;8;2;20;-;27;1;-;-;-;-;-;-;-;-;-;-;-;4;-;-;654;3774
"351040 Capivari";-;-;3339;27;192;57;51;-;-;2;-;261;-;28;1865;485;123;14;21;22;-;6;-;18;95;-;-;1;-;2;14;16;16;1;30;26;3;1;3;-;3;-;-;-;-;-;-;7;18;-;554;7301
"351050 Caraguatatuba";-;2;9150;87;292;207;323;-;-;26;-;535;179;2440;2309;1205;445;4;70;139;-;22;-;45;6;-;1;2;8;12;49;59;53;4;104;9;2;1;17;-;-;-;-;-;-;-;-;51;78;118;1450;19504
"351060 Carapicuiba";-;122;-;-;130;-;-;-;-;-;-;30;-;-;1346;-;150;2;6;-;-;7;-;-;-;-;-;-;-;-;-;-;-;-;-;-;-;-;-;-;-;-;-;-;-;-;-;-;-;-;174;1967
"351080 Casa Branca";-;-;478;14;27;14;-;-;-;-;-;29;-;-;424;-;56;-;2;21;-;1;-;-;87;-;-;-;16;-;21;18;9;-;-;-;-;-;-;-;-;-;-;-;-;-;-;-;4;-;69;1290
"351100 Castilho";-;-;140;-;11;-;-;-;-;-;-;4;-;-;301;42;29;1;4;-;-;-;-;-;-;-;-;-;-;-;-;-;-;-;-;-;-;-;-;-;-;-;-;-;-;-;-;-;-;-;125;657
"351110 Catanduva";-;-;1219;-;-;-;-;-;-;-;-;-;-;-;-;-;3741;-;-;-;-;-;-;-;-;-;-;-;-;-;-;-;-;-;-;-;-;-;-;-;-;-;-;-;-;-;-;-;-;-;-;4960
"351140 Cerqueira Cesar";-;-;326;-;24;-;-;-;-;-;-;83;9;13;416;32;57;2;3;-;-;7;-;4;3;-;-;-;-;-;4;-;2;1;11;-;-;-;-;-;-;-;-;-;-;-;-;-;-;-;233;1230
"351150 Cerquilho";-;-;455;-;42;-;-;-;-;-;-;21;-;589;149;34;15;1;-;9;-;-;-;-;-;-;-;-;-;-;-;-;-;-;-;-;-;-;-;-;-;-;-;-;-;-;-;4;-;-;126;1445
"351160 Cesario Lange";-;-;284;-;16;-;2;-;-;-;-;8;-;-;2;-;20;-;-;-;-;1;-;-;-;-;-;-;-;-;5;-;-;-;-;-;-;-;-;-;-;-;-;-;-;-;-;-;-;-;84;422
"351170 Charqueada";-;-;302;-;-;-;-;-;-;-;-;-;-;-;18;-;12;-;1;-;-;-;-;-;-;-;-;-;-;-;-;-;-;-;-;-;-;-;-;-;-;-;-;-;-;-;-;-;-;-;17;350
"351200 Colina";-;-;11;-;-;-;-;-;-;-;-;-;-;-;17;392;46;-;9;-;-;1;-;3;-;-;-;-;-;-;6;7;3;-;8;-;-;-;1;-;-;-;-;-;-;-;-;-;2;-;316;822
"351210 Colombia";-;-;-;-;-;-;-;-;-;-;-;-;-;-;3;-;-;-;-;-;-;-;-;-;-;-;-;-;-;-;-;-;-;-;-;-;-;-;-;-;-;-;-;-;-;-;-;-;-;-;-;3
"351220 Conchal";-;-;45;14;10;-;25;-;-;-;-;51;14;352;285;58;61;2;1;7;-;2;-;18;61;-;-;-;-;-;20;11;1;-;5;-;-;-;-;-;-;-;-;-;-;-;-;-;12;16;154;1225
"351230 Conchas";-;-;-;-;-;-;-;-;-;-;-;10;-;-;254;-;41;2;1;-;-;1;-;-;1;-;-;-;-;-;-;-;-;-;-;-;-;-;-;-;-;-;-;-;-;-;-;-;-;-;59;369
"351280 Cosmopolis";-;1;3119;-;83;20;15;-;-;4;-;16;-;-;433;-;40;-;2;-;-;-;-;9;-;-;1;-;-;-;2;19;2;-;15;-;-;-;1;-;-;-;-;-;-;-;-;-;-;-;167;3949
"351310 Cravinhos";-;-;457;-;1;2;6;-;-;-;-;9;-;-;-;31;36;-;-;-;-;3;-;-;-;-;-;-;-;-;-;-;-;-;-;-;-;-;-;-;-;-;-;-;-;-;-;-;-;-;74;619
"351340 Cruzeiro";-;3;9791;83;242;73;153;-;-;18;-;582;204;213;3549;1807;226;10;48;112;-;11;53;30;725;-;-;-;-;2;60;28;7;2;45;9;-;-;7;-;1;-;2;4;-;-;-;108;91;-;2910;21209
"351350 Cubatao";-;3;9675;173;283;151;136;-;-;25;-;416;47;75;10710;1416;207;9;69;30;-;11;216;48;176;-;51;3;-;5;54;164;76;-;40;8;1;2;20;-;7;-;-;-;-;-;-;26;108;1;2119;26561
"351360 Cunha";-;-;687;23;53;5;-;-;-;-;-;26;2;22;338;85;59;-;1;1;-;3;-;2;84;-;-;-;-;2;12;-;9;-;9;-;-;-;-;-;-;-;-;-;-;-;-;-;-;6;243;1672
"351370 Descalvado";-;-;550;10;7;-;-;-;-;-;-;54;-;241;1807;80;62;4;2;18;-;3;-;1;94;-;4;1;-;9;9;16;10;-;15;-;-;-;3;-;-;-;-;-;-;-;-;18;15;12;115;3160
"351380 Diadema";-;-;34555;-;1263;161;205;-;-;-;-;583;192;80;10010;3837;581;6;121;267;-;8;1150;29;180;-;-;-;-;-;56;35;47;2;41;13;-;-;2;-;12;-;-;-;-;-;-;282;17;-;2415;56150
"351410 Dois Corregos";-;-;387;-;53;-;-;-;-;-;-;16;12;574;1634;244;73;-;6;12;-;-;-;5;-;-;-;-;-;-;2;4;-;-;5;-;-;-;-;-;-;-;-;-;-;-;-;-;1;7;508;3543
"351440 Dracena";-;-;6875;24;240;53;96;-;-;-;-;375;157;59;776;1524;148;3;29;91;-;3;226;1;3;-;-;-;-;-;19;27;1;-;31;10;1;-;-;-;7;-;-;-;-;-;-;7;42;-;1012;11840
"351450 Duartina";295;174;529;-;68;3;-;-;-;-;-;15;-;433;1154;-;69;1;2;10;-;11;589;-;13;-;-;-;-;-;-;1;4;-;2;-;-;-;-;-;-;-;-;-;-;-;-;-;-;2;183;3558
"351500 Embu das Artes";-;-;38;-;-;-;61;-;-;-;-;154;-;38;2579;-;220;4;5;-;-;9;-;20;47;-;-;-;-;-;-;-;103;-;29;-;-;-;-;-;-;-;-;-;-;-;-;15;-;-;204;3526
"351510 Embu-Guacu";-;-;-;-;-;-;-;-;-;-;-;-;-;-;-;-;137;4;1;-;-;31;-;-;-;-;-;-;-;-;-;-;4;-;-;-;-;-;-;-;-;-;-;-;-;-;-;-;-;-;-;177
"351518 Espirito Santo do Pinhal";-;-;5742;33;135;28;70;4;-;-;-;89;82;25;5401;1700;98;1;89;38;-;4;1;4;1;-;-;-;-;-;28;21;25;-;20;3;-;-;-;-;-;-;-;-;-;-;-;2;31;17;845;14537
"351520 Estrela d'Oeste";-;-;216;1;4;-;-;-;-;-;-;2;-;6;38;19;29;-;-;2;-;-;-;-;-;-;-;-;-;-;-;-;1;-;3;-;-;-;-;-;-;-;-;-;-;-;-;1;-;3;66;391
"351540 Fartura";-;-;414;-;52;-;-;-;-;-;-;53;-;21;311;4;38;5;1;-;-;1;-;15;-;-;-;-;-;-;2;1;3;-;8;-;-;-;-;-;-;-;-;-;-;-;-;-;-;-;204;1133
"351620 Franca";-;-;-;-;-;-;-;-;-;-;-;-;-;-;-;-;2875;-;-;-;-;-;-;-;-;-;-;-;-;-;-;-;-;-;-;-;-;-;-;-;-;-;-;-;-;-;-;-;-;-;-;2875
"351630 Francisco Morato";-;-;8148;1;297;-;-;-;-;-;-;460;-;189;1769;737;209;4;13;-;-;17;-;54;66;-;-;-;-;-;-;1;25;-;45;-;-;-;-;-;-;-;-;-;-;-;-;16;-;1;947;12999
"351660 Galia";-;-;33;-;4;-;-;-;-;-;-;-;-;-;30;-;6;-;1;-;-;-;-;-;-;-;-;-;-;-;-;-;-;-;-;-;-;-;-;-;-;-;-;-;-;-;-;-;-;-;1;75
"351670 Garca";-;-;3872;36;237;31;-;-;-;1;-;94;57;96;865;2077;93;4;8;32;-;3;-;11;112;-;1;-;-;-;23;14;34;-;33;-;-;-;1;-;1;-;-;-;-;-;-;3;4;41;655;8439
"351690 General Salgado";-;-;231;-;38;-;-;-;-;-;-;58;-;-;80;-;25;1;-;1;-;-;-;-;-;-;-;-;-;-;-;-;-;-;-;-;-;-;-;-;-;-;-;-;-;-;-;-;-;-;41;475
"351700 Getulina";-;28;252;-;8;-;-;-;-;-;-;3;-;196;264;-;8;-;1;-;-;3;-;-;-;-;-;-;-;-;-;-;-;-;-;-;-;-;-;-;-;-;-;-;-;-;-;-;-;-;-;763
"351740 Guaira";-;-;2255;47;49;16;35;-;-;-;-;63;56;13;751;287;44;-;20;41;-;2;-;-;2;-;2;-;-;13;17;37;10;-;18;4;-;-;-;-;-;-;-;-;-;-;-;2;30;14;385;4213
"351760 Guapiara";-;-;219;-;13;-;-;-;-;-;-;29;-;19;2;-;35;-;2;-;-;1;-;10;1;-;-;-;-;-;1;-;-;-;9;-;-;-;-;-;-;-;-;-;-;-;-;-;-;-;81;422
"351770 Guara";-;-;292;-;14;13;-;-;-;-;-;7;-;-;121;14;29;-;3;-;-;2;-;-;1;-;-;-;-;-;1;1;2;-;11;-;-;-;-;-;-;-;-;-;-;-;-;-;-;-;36;547
"351780 Guaracai";-;-;-;-;-;-;-;-;-;-;-;-;-;-;3;-;31;-;3;-;-;1;-;-;-;-;-;-;-;-;-;-;-;-;-;-;-;-;-;-;-;-;-;-;-;-;-;-;-;-;23;61
"351820 Guararapes";-;-;456;86;52;2;-;-;-;-;-;50;-;11;55;265;50;-;1;20;-;1;-;10;2;-;1;-;-;-;21;7;16;-;1;-;-;-;-;-;-;-;-;-;-;-;-;1;2;11;228;1349
"351830 Guararema";-;-;1311;-;26;1;-;-;-;-;-;41;12;1044;454;-;31;-;1;12;-;3;-;3;-;-;-;-;-;-;-;-;12;-;21;-;-;-;-;-;-;-;-;-;-;-;-;3;-;-;114;3089
"351840 Guaratingueta";-;4;12206;73;408;151;141;13;-;36;-;482;106;2122;2182;4687;227;33;95;162;-;10;108;23;12;-;3;-;-;12;53;48;27;1;65;12;16;1;10;29;9;-;-;-;-;-;-;176;52;-;1823;25618
"351860 Guariba";-;-;950;13;89;13;41;7;-;-;-;65;4;1139;794;161;56;6;-;4;-;-;-;12;1;-;1;-;-;-;8;6;16;-;18;3;-;-;-;-;-;-;-;-;-;-;-;2;1;-;299;3709
"351870 Guaruja";-;28;28488;408;1112;258;517;-;-;46;-;1577;220;236;9080;7564;364;6;68;207;-;18;1455;95;820;-;9;4;6;4;126;102;67;-;108;31;1;1;3;18;8;5;1;3;-;-;-;200;183;94;3289;56830
"351880 Guarulhos";-;645;41795;162;1076;553;730;1;-;40;-;3240;356;930;44654;7271;1348;14;401;327;-;47;145;347;125;-;22;50;-;85;201;258;143;19;265;22;14;2;14;-;32;-;-;-;-;-;-;317;600;330;6558;113139
"351907 Hortolandia";-;1723;10175;8;275;102;-;-;-;13;-;543;59;177;2008;199;160;9;62;75;-;18;-;82;-;-;-;1;-;-;50;86;5;-;97;4;1;-;5;-;6;-;-;-;-;-;-;204;131;-;408;16686
"351910 Iacanga";-;-;137;-;-;-;-;-;-;-;-;-;-;-;28;-;-;-;-;-;-;-;-;-;-;-;-;-;-;-;-;-;-;-;7;-;-;-;-;-;-;-;-;-;-;-;-;-;-;-;-;172
"351930 Ibate";-;-;252;8;15;10;-;-;-;-;-;32;-;45;243;3;25;-;2;-;-;-;-;4;3;-;-;-;-;2;13;-;5;-;20;1;-;-;-;-;-;-;-;-;-;-;-;1;5;16;121;826
"351940 Ibira";-;-;184;-;26;-;-;-;-;-;-;3;-;-;280;-;32;1;1;-;-;-;-;-;-;-;-;-;-;-;-;-;-;-;-;-;-;-;-;-;-;-;-;-;-;-;-;-;-;-;131;658
"351960 Ibitinga";-;-;3594;53;254;87;140;-;-;2;-;194;19;35;1944;435;396;1;26;17;-;11;23;10;7;-;4;2;-;-;18;74;29;2;28;5;1;-;7;-;5;-;-;-;-;-;-;22;95;-;789;8329
"351970 Ibiuna";-;-;-;-;-;-;-;-;-;-;-;-;-;-;-;-;131;-;-;10;-;-;-;20;-;-;-;-;-;-;62;-;40;-;47;-;-;-;-;-;-;-;-;-;-;-;-;-;-;-;-;310
"351990 Iepe";-;-;530;-;11;-;-;-;-;-;-;5;8;27;123;38;45;2;1;4;-;2;-;-;10;-;-;-;-;-;-;-;4;-;4;-;-;-;-;-;-;-;-;-;-;-;-;-;-;-;204;1018
"352010 Igarapava";-;3;622;28;55;9;58;-;-;10;-;20;12;221;2068;-;166;3;-;6;-;2;-;1;3;-;-;-;-;-;30;26;-;-;12;1;-;-;1;-;-;-;-;-;-;-;-;-;7;13;378;3755
"352040 Ilhabela";-;1;188;-;1;117;231;-;-;23;-;-;-;-;20;1338;292;-;10;65;-;3;-;35;6;-;1;6;-;6;82;77;69;1;72;6;1;3;3;-;-;-;-;-;-;-;-;62;-;93;1665;4477
"352050 Indaiatuba";-;12;24459;536;1053;252;829;44;-;102;-;479;414;142;3813;4412;2377;8;179;328;-;30;76;87;105;4;29;7;51;32;178;123;123;6;71;33;4;1;7;-;-;-;-;-;-;-;-;204;319;-;2120;43049
"352070 Indiapora";-;-;71;2;8;-;-;-;-;-;-;-;-;-;62;-;14;-;1;-;-;-;-;-;-;-;-;-;-;-;9;1;-;-;-;-;-;-;-;-;-;-;-;-;-;-;-;-;-;-;38;206
"352090 Ipaussu";-;-;266;-;22;-;-;-;-;-;-;8;5;366;260;-;34;-;1;5;-;-;-;6;-;-;-;-;-;-;5;-;-;-;4;-;-;-;-;-;-;-;-;-;-;-;-;-;-;15;105;1102
"352130 Ipua";-;-;84;8;9;2;-;-;-;-;-;6;-;405;193;2;33;2;-;6;-;1;-;-;4;-;-;1;-;-;5;-;7;-;3;-;1;-;-;-;-;-;-;-;-;-;-;-;-;-;75;847
"352170 Itabera";-;-;507;-;42;2;-;-;-;-;-;30;-;619;395;-;40;-;-;-;-;-;-;1;-;-;-;-;-;-;3;-;6;-;14;-;-;-;-;-;-;-;-;-;-;-;-;1;-;-;95;1755
"352180 Itai";-;-;356;-;-;-;-;-;-;-;-;-;-;-;-;-;19;1;4;-;-;-;-;-;-;-;-;-;-;-;-;-;-;-;-;-;-;-;-;-;-;-;-;-;-;-;-;-;-;-;3;383
"352190 Itajobi";-;-;205;-;11;-;-;-;-;-;-;13;-;-;105;-;20;-;-;2;-;-;-;-;-;-;-;-;-;-;-;-;-;-;-;-;-;-;-;-;-;-;-;-;-;-;-;-;-;-;108;464
"352220 Itapecerica da Serra";-;-;262;-;-;-;-;-;-;-;-;-;-;-;506;-;23;-;2;-;-;-;-;74;-;-;-;-;-;-;-;-;7;-;25;-;-;-;-;-;-;-;-;-;-;-;-;-;-;-;204;1103
"352230 Itapetininga";-;-;16740;65;744;243;334;-;-;20;-;830;494;172;18;862;313;8;71;189;-;21;15;72;645;-;-;-;-;-;40;112;35;-;64;3;-;2;15;-;14;-;-;-;-;-;-;125;120;13;2628;25027
"352240 Itapeva";-;-;13220;505;956;97;172;-;-;1;-;821;401;167;6874;1892;440;12;131;174;-;5;930;102;5;-;8;6;-;3;98;132;44;13;54;24;2;1;2;45;1;10;2;5;-;-;-;13;207;18;3250;30843
"352260 Itapira";-;49;8122;-;153;49;209;-;-;12;-;1513;136;4102;1337;1378;166;7;93;142;-;8;416;6;356;-;5;-;-;40;38;62;28;1;27;15;-;2;6;-;8;-;-;-;-;-;-;92;49;-;1401;20028
"352270 Itapolis";-;1;2264;51;104;53;105;4;-;-;-;76;43;1440;2381;1090;156;6;22;43;-;6;6;4;-;-;-;-;-;11;18;9;14;-;19;-;-;-;3;-;3;-;-;-;-;-;-;70;23;-;597;8622
"352280 Itaporanga";-;-;581;14;54;2;-;-;-;-;-;40;-;281;54;-;68;1;-;2;-;1;-;6;-;-;-;-;-;-;6;7;8;-;12;-;-;-;1;-;-;-;-;-;-;-;-;-;-;-;140;1278
"352290 Itapui";-;45;211;-;45;-;-;-;-;-;-;13;-;461;203;9;18;1;2;7;-;-;-;-;-;-;-;-;-;-;-;-;-;-;-;-;-;-;-;-;-;-;-;-;-;-;-;-;-;-;-;1015
"352320 Itarare";-;-;1158;9;98;26;92;-;-;-;-;177;54;5378;3673;-;133;7;5;-;-;34;-;10;1023;-;-;-;-;-;17;13;7;-;25;5;-;-;1;-;-;-;-;-;-;-;-;116;31;-;649;12741
"352340 Itatiba";-;1;4852;98;217;67;172;16;-;29;4;389;108;91;436;614;126;5;13;43;-;6;14;47;87;-;2;13;-;-;40;68;54;6;46;3;-;-;13;-;1;-;-;-;-;-;-;69;44;-;776;8570
"352350 Itatinga";-;-;250;-;20;-;-;-;-;-;-;35;-;-;91;-;8;-;1;-;-;-;-;-;-;-;-;-;-;-;-;-;-;-;-;-;-;-;-;-;-;-;-;-;-;-;-;-;-;-;-;405
"352360 Itirapina";-;29;158;-;6;-;-;-;-;-;-;4;-;80;82;-;10;-;-;-;-;-;-;-;-;-;-;-;-;-;-;-;-;-;-;-;-;-;-;-;-;-;-;-;-;-;-;-;-;-;28;397
"352390 Itu";-;71;11497;40;1058;187;347;-;-;13;-;724;224;7175;4897;6154;314;9;50;125;-;11;702;82;238;-;15;4;-;24;63;144;81;-;91;10;-;-;14;-;6;-;-;-;-;-;-;163;272;-;2858;37663
"352400 Itupeva";-;105;1563;-;63;10;63;-;-;-;-;71;-;219;689;155;70;4;3;-;-;-;-;11;10;-;-;-;-;-;-;-;-;-;24;-;-;-;-;-;-;-;-;-;-;-;-;-;-;-;120;3180
"352410 Ituverava";-;-;3607;37;228;37;164;13;-;7;-;195;74;-;499;1230;113;2;42;-;-;20;171;7;117;-;-;14;-;7;43;15;36;-;18;6;-;4;2;-;10;-;-;-;-;-;-;-;48;34;732;7532
"352420 Jaborandi";-;-;17;-;-;-;-;-;-;-;-;2;-;46;38;5;5;-;-;-;-;-;-;-;2;-;-;-;-;-;-;-;-;-;-;-;-;-;-;-;-;-;-;-;-;-;-;-;-;-;18;133
"352430 Jaboticabal";-;1;2964;30;131;65;55;-;-;10;-;147;48;1483;3456;875;69;-;26;29;-;5;-;18;6;-;-;6;-;-;19;34;10;-;13;6;-;-;1;-;-;-;-;-;-;-;-;10;32;-;677;10226
"352440 Jacarei";-;42;28525;688;945;274;694;10;1;58;-;1038;506;14;6434;5754;709;334;83;326;-;29;974;78;224;-;10;11;1;30;214;91;105;13;76;24;-;1;8;67;5;-;-;-;-;-;-;154;148;-;3030;51728
"352470 Jaguariuna";-;76;7308;82;480;37;39;2;-;-;-;248;-;3144;3814;1677;121;1;64;39;-;5;-;24;71;-;1;3;-;4;35;21;28;-;64;3;-;-;1;-;7;-;-;-;-;-;-;34;16;74;746;18269
"352520 Jarinu";-;-;-;-;-;-;-;-;-;-;-;-;-;-;141;-;26;-;-;-;-;-;-;-;-;-;-;-;-;-;-;-;-;-;-;-;-;-;-;-;-;-;-;-;-;-;-;-;-;-;64;231
"352530 Jau";-;1;28520;151;1118;319;446;-;-;26;20;791;250;170;2770;9852;397;-;408;231;-;6;1152;38;309;-;12;6;-;9;82;125;67;2;107;25;1;-;27;-;18;-;1;9;-;-;-;11;192;-;3789;51458
"352550 Joanopolis";-;-;247;-;20;-;-;-;-;-;-;6;-;155;24;-;14;-;-;-;-;-;-;-;-;-;-;-;-;-;-;-;-;-;-;-;-;-;-;-;-;-;-;-;-;-;-;-;-;-;97;563
"352590 Jundiai";-;108;46690;595;2384;715;1471;68;-;128;-;1176;55;304;23398;4609;932;81;144;151;-;32;1152;153;851;1;54;22;27;83;184;289;197;29;163;56;-;-;19;67;8;14;8;34;-;-;-;794;847;87;4032;92212
"352600 Junqueiropolis";-;-;827;19;29;1;-;-;-;-;-;13;32;83;304;75;152;-;1;16;-;1;-;3;1;-;-;-;-;-;18;4;4;-;15;-;-;-;1;-;-;-;-;-;-;-;-;-;4;-;337;1940
"352640 Laranjal Paulista";-;-;400;12;35;-;-;-;-;-;-;42;-;816;2897;-;59;-;1;-;-;-;-;13;1;-;-;-;-;8;15;-;7;-;11;-;-;-;-;-;-;-;-;-;-;-;-;4;6;24;373;4724
"352670 Leme";-;-;8469;130;641;69;100;-;-;7;-;223;181;4623;817;1666;135;43;41;99;-;7;301;16;5;-;5;2;-;5;27;39;67;1;52;8;-;-;9;-;2;-;-;-;-;-;-;61;51;-;1092;18994
"352680 Lencois Paulista";-;1;4312;37;93;64;35;-;-;3;-;145;23;-;2315;1243;92;4;21;31;14;2;11;8;7;-;-;6;-;3;60;49;24;-;35;4;3;15;-;-;4;-;-;-;-;-;-;29;50;-;765;9508
"352690 Limeira";-;3;33509;473;2147;350;665;11;-;58;57;844;1660;232;5487;3530;549;29;64;559;-;7;359;63;114;-;57;31;30;74;103;188;125;4;118;36;13;-;26;51;-;-;-;-;-;-;-;25;609;5;4783;57048
"352710 Lins";-;-;5945;44;329;95;171;-;-;5;-;453;121;3303;718;1704;244;-;40;121;-;6;35;23;-;-;6;-;-;-;26;28;9;-;59;7;1;-;9;-;-;-;-;-;-;-;-;17;102;-;2113;15734
"352720 Lorena";-;85;6119;30;245;104;93;-;-;10;-;710;52;114;4800;2480;221;2;50;132;-;8;82;35;605;-;-;2;-;1;41;17;3;-;120;4;-;-;6;-;-;-;-;-;-;-;-;9;18;45;1634;17877
"352730 Louveira";-;-;5480;50;227;-;-;-;-;3;-;175;-;-;1467;1132;95;1;29;-;-;1;1;16;201;-;-;9;5;3;25;5;27;1;17;6;6;-;-;-;-;-;-;-;-;-;-;24;4;-;510;9520
"352740 Lucelia";-;-;714;-;1;-;-;-;-;-;-;17;-;-;9;-;28;3;-;-;-;-;-;-;-;-;-;-;-;-;-;-;-;-;-;-;-;-;-;-;-;-;-;-;-;-;-;2;-;-;109;883
"352800 Macatuba";-;-;557;-;35;13;-;-;-;-;-;19;-;1;250;5;48;4;2;-;-;9;-;-;-;-;-;-;-;-;-;-;-;-;3;-;-;-;-;-;-;-;-;-;-;-;-;-;-;-;-;946
"352810 Macaubal";-;-;-;-;-;-;-;-;-;-;-;-;-;-;-;-;1;-;-;-;-;-;-;-;-;-;-;-;-;-;-;-;-;-;-;-;-;-;-;-;-;-;-;-;-;-;-;-;-;-;-;1
"352850 Mairipora";-;-;-;-;-;-;-;-;-;-;-;55;-;1588;524;38;110;-;4;5;-;-;-;-;34;-;-;-;-;-;-;30;-;-;-;-;-;-;5;-;-;-;-;-;-;-;-;20;-;-;475;2888
"352880 Maracai";-;-;175;10;-;-;-;-;-;-;-;-;-;-;15;-;26;-;2;-;-;-;-;-;-;-;-;-;-;-;18;-;8;-;5;-;-;-;-;-;-;-;-;-;-;-;-;-;-;-;99;358
"352900 Marilia";-;9;21456;457;1206;234;333;32;1;45;35;822;379;91;1959;8245;3758;75;64;368;-;14;965;62;770;-;5;26;6;125;229;151;117;4;39;18;5;29;19;56;10;-;-;-;-;-;-;117;727;-;5844;48907
"352920 Martinopolis";-;-;1369;6;91;16;-;-;-;-;-;90;-;12;180;260;95;-;2;21;-;3;-;1;3;-;-;-;-;-;5;-;3;-;11;1;-;-;-;-;-;-;-;-;-;-;-;2;-;12;345;2528
"352940 Maua";-;4;34326;-;1346;439;273;-;-;44;-;870;332;704;12811;1078;624;12;128;278;-;55;904;93;393;-;-;3;-;5;102;135;92;1;87;13;16;-;15;-;14;-;-;-;-;-;-;162;111;10;2492;57972
"352970 Miguelopolis";-;-;1129;-;13;-;-;-;-;-;-;34;-;12;7;-;67;4;1;-;-;20;-;2;-;-;-;-;-;-;1;3;2;-;11;-;-;-;-;-;-;-;-;-;-;-;-;-;-;-;174;1480
"353030 Mirassol";-;-;749;16;57;33;-;-;-;-;-;17;-;-;27;23;79;-;6;-;-;-;-;7;1;-;-;1;-;11;13;-;9;-;21;-;-;-;6;-;-;-;-;-;-;-;-;-;-;-;-;1076
"353050 Mococa";-;7;4584;64;292;35;133;-;-;2;-;246;126;139;2612;3061;229;23;43;64;-;15;590;20;16;-;4;1;-;-;12;27;13;-;59;4;1;-;2;-;7;-;-;-;-;-;-;90;21;51;1568;14161
"353060 Mogi das Cruzes";-;341;19977;284;1103;274;333;21;-;39;-;1962;184;2824;10948;6133;421;-;31;181;-;29;111;229;7;-;65;36;-;18;147;311;176;-;153;4;43;-;-;-;-;-;-;-;-;-;-;216;201;82;2275;49159
"353070 Mogi Guacu";-;1317;14260;91;533;194;256;-;-;17;-;463;131;9276;4542;5266;397;102;31;174;-;22;625;32;16;-;30;7;-;14;61;114;36;7;67;22;2;-;11;35;-;-;-;-;-;-;-;34;1445;25;4036;43691
"353080 Mogi Mirim";-;3;6621;-;171;70;48;-;-;15;-;299;210;3073;2001;1346;150;3;27;80;-;7;278;14;355;-;22;24;-;56;116;71;49;-;53;8;1;1;8;-;4;-;-;-;-;-;-;64;991;22;1389;17650
"353110 Mongagua";-;-;6;-;-;-;-;-;-;-;-;-;-;3;290;-;49;3;1;-;-;4;-;3;-;-;-;-;-;-;-;-;-;-;-;-;-;-;-;-;-;-;-;-;-;-;-;-;-;-;102;461
"353130 Monte Alto";-;-;5508;32;106;37;20;-;-;2;-;79;84;3;1652;1747;100;2;48;36;-;4;-;1;1;-;-;2;-;-;16;12;12;-;26;2;2;-;-;-;2;-;-;-;-;-;-;50;18;-;831;10435
"353150 Monte Azul Paulista";-;-;566;12;9;-;-;-;-;-;-;6;-;-;257;-;76;1;1;3;-;-;-;1;1;-;-;-;-;-;2;10;8;-;20;-;-;-;-;-;-;-;-;-;-;-;-;1;-;-;184;1158
"353180 Monte Mor";-;-;560;-;7;5;-;-;-;-;-;51;-;38;14;21;23;-;1;-;-;-;-;10;1;-;-;-;-;-;-;1;3;-;32;-;-;-;-;-;-;-;-;-;-;-;-;4;-;-;-;771
"353190 Morro Agudo";-;-;1291;20;71;25;15;-;-;1;-;27;3;20;322;-;88;-;12;6;-;2;-;4;1;-;-;1;-;-;15;29;10;-;17;-;-;-;-;-;-;-;-;-;-;-;-;-;30;-;302;2312
"353200 Morungaba";-;-;42;-;-;-;-;-;-;-;-;4;-;-;-;-;17;-;-;-;-;2;-;-;-;-;-;-;-;-;-;-;-;-;-;-;-;-;-;-;-;-;-;-;-;-;-;-;-;-;18;83
"353240 Nazare Paulista";-;-;259;-;32;-;-;-;-;-;-;16;-;293;259;-;29;2;3;-;-;5;-;2;-;-;-;-;-;-;-;-;-;-;-;-;-;-;-;-;-;-;-;-;-;-;-;-;-;-;112;1012
"353250 Neves Paulista";-;-;2;-;-;-;-;-;-;-;-;-;-;-;13;-;3;-;1;-;-;-;-;-;-;-;-;-;-;-;-;-;-;-;-;-;-;-;-;-;-;-;-;-;-;-;-;-;-;-;8;27
"353290 Nova Europa";-;-;149;-;3;-;-;-;-;-;-;4;-;4;1;-;15;-;1;-;-;-;-;-;-;-;-;-;-;-;7;-;-;-;2;-;-;-;-;-;-;-;-;-;-;-;-;-;-;-;30;216
"353340 Nova Odessa";-;24;24;19;-;-;-;2;-;-;-;93;-;1897;2019;115;47;2;3;-;-;3;-;12;18;-;-;-;-;-;2;9;13;-;19;1;-;-;1;-;-;-;-;-;-;-;-;28;-;-;527;4878
"353350 Novo Horizonte";-;1;3288;50;129;4;134;-;-;1;-;145;-;885;400;376;91;3;6;-;-;1;-;1;41;-;-;1;-;-;31;30;22;-;29;-;1;2;-;-;-;-;-;-;-;-;-;1;72;-;386;6131
"353390 Olimpia";-;-;2194;33;110;11;43;1;-;2;-;141;74;-;1582;570;105;-;7;40;-;3;-;7;105;-;-;-;-;-;26;15;11;-;25;1;5;-;-;-;-;-;-;-;-;-;-;57;24;6;626;5824
"353430 Orlandia";-;-;1400;27;55;29;51;-;-;-;-;65;18;21;792;115;122;2;11;18;-;2;-;3;1;-;-;-;-;-;6;14;7;-;21;-;1;-;-;-;-;-;-;-;-;-;-;2;18;21;326;3148
"353440 Osasco";-;2847;29420;116;2087;370;389;-;-;56;27;2970;475;10135;16401;1783;797;30;153;222;-;47;57;224;209;-;5;5;-;2;198;246;89;1;168;29;-;-;39;-;-;-;-;-;-;-;-;104;561;167;4113;74542
"353460 Osvaldo Cruz";-;10;1611;-;89;25;59;-;-;3;-;106;128;-;621;403;84;-;4;59;-;8;-;4;1;-;1;-;-;-;11;14;2;-;23;1;-;-;-;-;-;-;-;-;-;-;-;2;6;12;755;4042
"353470 Ourinhos";-;11;9576;647;811;205;337;20;-;6;4;456;201;1687;3575;3086;200;18;31;97;-;6;561;47;105;1;5;8;-;50;50;75;39;1;83;24;-;1;9;20;3;2;1;2;-;-;-;12;391;-;1845;24309
"353475 Ouroeste";-;-;138;1;4;-;-;-;-;-;-;5;-;-;103;-;18;-;-;-;-;1;-;-;-;-;1;-;-;-;4;3;4;-;5;-;-;-;-;-;-;-;-;-;-;-;-;-;-;-;78;365
"353520 Palmeira d'Oeste";-;-;189;-;16;-;-;-;-;-;-;-;-;-;112;-;27;-;1;-;-;1;-;-;-;-;-;-;-;-;-;-;-;-;-;-;-;-;-;-;-;-;-;-;-;-;-;-;-;-;-;346
"353530 Palmital";-;-;936;32;48;7;-;-;-;-;-;45;32;241;27;142;53;-;2;17;-;3;-;3;1;-;-;1;-;-;21;1;15;-;9;1;-;3;-;-;-;-;-;-;-;-;-;2;4;11;245;1902
"353540 Panorama";-;-;570;-;6;-;-;-;-;-;-;-;18;-;128;-;29;-;-;9;-;-;-;-;-;-;-;-;-;-;-;-;-;-;-;-;-;-;-;-;-;-;-;-;-;-;-;-;-;-;48;808
"353550 Paraguacu Paulista";-;2;5010;51;171;38;71;-;-;7;-;206;33;28;7500;3668;136;-;4;17;-;15;260;2;120;-;1;7;-;4;19;16;19;1;19;-;3;-;1;-;-;-;-;-;-;-;-;3;10;-;805;18247
"353580 Paranapanema";-;-;1324;-;35;-;-;-;-;-;-;48;-;-;22;-;48;-;-;-;-;-;-;5;1;-;-;-;-;-;5;-;-;-;13;-;-;-;-;-;-;-;-;-;-;-;-;-;-;8;18;1527
"353600 Parapua";-;-;327;-;20;-;-;-;-;-;-;-;-;-;6;-;36;2;-;-;-;4;-;-;-;-;-;-;-;-;-;-;-;-;-;-;-;-;-;-;-;-;-;-;-;-;-;-;-;-;110;505
"353650 Paulinia";-;6;14848;77;195;88;148;-;-;27;-;396;101;61;5428;1645;362;20;62;81;-;8;381;28;4;1;6;4;-;4;92;25;57;4;35;12;-;3;1;-;-;-;-;-;-;-;-;127;66;-;1260;25663
"353660 Paulo de Faria";-;-;30;-;5;-;-;-;-;-;-;-;-;-;50;-;3;-;-;-;-;-;-;-;-;-;-;-;-;-;-;-;-;-;-;-;-;-;-;-;-;-;-;-;-;-;-;-;-;-;-;88
"353670 Pederneiras";-;-;2116;-;168;11;-;-;-;1;-;114;-;25;557;53;56;1;7;-;-;10;-;5;-;-;-;-;-;-;5;26;4;-;24;-;1;3;1;-;-;-;-;-;-;-;-;1;15;6;415;3625
"353710 Pedreira";-;-;1471;-;60;-;-;-;-;-;-;40;-;-;38;220;40;3;2;27;-;2;-;-;-;-;-;-;-;-;41;13;2;-;-;1;-;-;-;-;-;-;-;-;-;-;-;-;2;-;351;2313
"353730 Penapolis";-;1;3491;51;125;30;28;-;-;-;-;167;60;-;90;1023;1264;-;13;60;-;4;-;14;2;-;-;-;-;-;65;69;21;-;68;2;-;-;9;-;-;-;-;-;-;-;-;4;89;-;1430;8180
"353740 Pereira Barreto";-;-;436;5;32;-;-;-;-;-;-;13;-;-;247;102;42;-;1;22;-;1;-;1;1;-;-;-;-;-;3;21;-;-;6;-;-;-;-;-;-;-;-;-;-;-;-;-;-;-;122;1055
"353760 Peruibe";-;-;47;-;-;13;-;-;-;-;-;62;-;125;350;-;12;-;1;-;-;1;-;35;8;-;-;-;-;-;-;-;1;1;23;-;-;-;-;-;-;-;-;-;-;-;-;-;-;-;154;833
"353780 Piedade";-;-;1542;25;34;-;-;-;-;-;-;47;-;-;406;-;104;3;2;30;-;-;-;9;1;-;-;-;-;-;6;-;8;-;36;-;-;-;-;-;-;-;-;-;-;-;-;16;2;1;410;2682
"353790 Pilar do Sul";-;-;288;17;18;-;-;-;-;-;-;62;-;-;253;-;37;1;-;17;-;-;-;8;7;-;-;-;-;-;7;-;1;-;9;-;-;-;-;-;-;-;-;-;-;-;-;1;1;-;148;875
"353800 Pindamonhangaba";-;-;10599;84;286;143;80;8;-;16;-;138;-;-;322;2644;203;3;90;57;-;12;415;55;400;-;6;6;1;9;58;64;26;1;101;6;-;-;13;-;7;-;-;-;-;-;-;55;69;-;2239;18216
"353860 Piracaia";-;-;100;-;18;-;-;-;-;-;-;3;-;2;158;-;30;1;-;-;-;-;-;-;-;-;-;-;-;-;-;-;-;-;2;-;-;-;-;-;-;-;-;-;-;-;-;-;-;-;138;452
"353870 Piracicaba";-;163;27667;471;1853;597;913;103;-;67;3;2321;882;-;10563;5224;502;152;232;531;-;18;1173;135;628;-;35;16;2;141;231;267;124;11;155;42;4;2;22;79;11;7;3;11;-;1;5;394;1284;-;5424;62469
"353880 Piraju";-;-;1238;20;49;-;-;-;-;-;-;88;-;-;70;35;99;-;2;16;-;3;-;7;-;-;1;-;-;2;11;3;4;-;32;-;-;-;6;-;-;-;-;-;-;-;-;6;-;-;279;1971
"353890 Pirajui";-;60;181;-;19;3;-;-;-;-;-;10;-;975;638;-;46;1;1;6;-;1;-;1;1;-;-;-;-;-;40;-;29;-;-;-;-;-;-;-;-;-;-;-;-;-;-;-;8;1;67;2088
"353900 Pirangi";-;-;113;-;4;-;-;-;-;-;-;3;-;-;92;-;9;-;-;-;-;-;-;-;-;-;-;-;-;-;5;-;-;-;2;-;-;-;-;-;-;-;-;-;-;-;-;-;-;-;52;280
"353930 Pirassununga";-;-;2694;16;109;12;26;4;-;-;-;133;97;-;77;790;80;2;39;45;-;2;119;24;-;-;2;1;-;-;11;40;6;-;23;1;-;-;1;-;-;-;-;-;-;-;-;6;62;-;731;5153
"353940 Piratininga";-;-;5;-;-;-;-;-;-;-;-;-;-;-;918;-;10;-;4;-;-;-;-;-;-;-;-;-;-;-;-;-;-;-;-;-;-;-;-;-;-;-;-;-;-;-;-;-;-;-;60;997
"353950 Pitangueiras";-;-;579;12;85;2;-;-;-;-;-;38;-;62;262;-;33;1;-;15;-;-;-;3;1;-;-;-;4;12;24;9;14;-;23;-;-;-;1;-;-;-;-;-;-;-;-;1;6;15;165;1367
"354000 Pompeia";-;-;330;-;35;-;-;-;-;-;-;19;-;-;165;-;15;1;-;-;-;-;-;-;-;-;1;-;-;8;-;-;15;-;-;-;-;-;-;-;-;-;-;-;-;-;-;-;-;-;67;656
"354020 Pontal";-;-;538;9;28;4;-;-;-;-;-;15;-;320;354;79;22;1;3;19;-;2;-;2;-;-;1;-;-;31;-;6;7;-;20;-;-;-;9;-;-;-;-;-;-;-;-;1;1;-;10;1482
"354040 Populina";-;-;28;-;-;-;-;-;-;-;-;1;-;-;11;-;4;-;-;-;-;1;-;-;-;-;-;-;-;-;-;-;-;-;-;-;-;-;-;-;-;-;-;-;-;-;-;-;-;-;-;45
"354060 Porto Feliz";-;-;3561;48;161;18;17;-;-;5;-;64;46;-;72;2576;113;4;47;24;-;7;8;7;226;-;-;4;-;2;35;13;22;1;20;1;-;-;-;-;-;-;-;-;-;-;-;1;25;-;407;7535
"354070 Porto Ferreira";-;-;2329;38;94;25;44;-;-;6;-;50;-;24;4151;530;79;7;51;26;-;7;4;9;1;-;5;2;-;-;19;16;10;-;20;2;-;1;5;-;4;-;-;-;-;-;-;4;34;-;649;8246
"354080 Potirendaba";-;-;206;2;10;11;-;-;-;-;-;6;-;-;-;32;42;-;8;-;-;-;-;-;2;-;-;-;-;-;5;-;1;-;-;-;-;-;-;-;-;-;-;-;-;-;-;-;2;-;92;419
"354100 Praia Grande";-;-;10437;-;667;203;104;-;-;22;-;576;165;190;3162;873;537;6;40;97;-;6;604;84;10;1;-;16;-;3;49;34;17;1;72;6;-;-;4;-;6;-;-;-;-;-;-;30;53;-;1474;19549
"354120 Presidente Bernardes";-;-;336;-;27;-;-;-;-;-;-;13;-;-;12;-;66;-;3;-;-;1;-;-;-;-;-;-;-;-;-;-;-;-;-;-;-;-;-;-;-;-;-;-;-;-;-;-;-;-;-;458
"354130 Presidente Epitacio";-;14;2559;-;41;19;50;-;-;-;-;91;34;14;140;439;109;-;6;17;-;4;-;5;1;-;-;-;-;-;15;11;2;-;9;-;-;-;-;-;-;-;-;-;-;-;-;2;6;8;373;3969
"354150 Presidente Venceslau";-;-;1590;-;16;5;-;-;-;-;-;4;32;16;1049;756;209;4;2;16;-;7;-;3;12;-;-;2;-;-;7;9;8;-;18;1;1;-;-;-;-;-;-;-;-;-;-;-;-;-;556;4323
"354190 Queluz";-;-;270;-;2;-;-;-;-;-;-;16;-;108;83;5;14;2;-;-;-;-;-;-;-;-;-;-;-;-;-;-;-;-;-;-;-;-;-;-;-;-;-;-;-;-;-;-;-;-;45;545
"354240 Regente Feijo";-;-;1507;-;-;-;-;-;-;-;-;15;-;-;-;-;90;3;4;-;-;-;-;-;-;-;-;-;-;-;-;-;-;-;-;-;-;-;-;-;-;-;-;-;-;-;-;-;-;-;160;1779
"354290 Ribeirao Bonito";-;-;73;3;6;-;-;-;-;-;-;8;-;-;70;-;8;1;-;-;-;-;-;-;-;-;-;-;-;-;1;-;1;-;6;-;-;-;-;-;-;-;-;-;-;-;-;-;-;-;50;227
"354300 Ribeirao Branco";-;-;485;-;36;-;-;-;-;-;-;28;-;-;223;-;32;1;-;-;-;1;-;1;1;-;-;-;-;-;-;-;-;-;-;-;-;-;-;-;-;-;-;-;-;-;-;-;-;-;83;891
"354330 Ribeirao Pires";-;-;4398;-;25;2;52;-;-;-;-;182;-;67;75;541;77;2;1;-;-;3;-;38;-;-;-;-;-;-;1;-;26;-;36;1;-;-;-;-;-;-;-;-;-;-;-;-;-;-;577;6104
"354340 Ribeirao Preto";-;30;49572;595;2231;437;862;152;14;134;70;2011;1341;340;7341;7653;1004;224;550;620;-;27;1191;113;21;-;71;44;11;212;184;297;102;12;132;73;-;-;72;52;24;7;2;14;-;1;84;530;1553;108;6094;86212
"354380 Rinopolis";-;-;-;-;13;-;-;-;-;-;-;5;-;-;42;-;11;-;4;-;-;2;-;-;-;-;-;-;-;-;-;-;-;-;-;-;-;-;-;-;-;-;-;-;-;-;-;-;-;-;77;154
"354390 Rio Claro";-;7;6678;221;342;77;85;8;-;24;-;453;292;178;3780;4106;245;80;60;186;-;17;404;42;350;1;7;14;1;12;56;91;55;6;115;18;-;1;14;38;7;3;1;4;-;-;-;12;239;-;2127;20457
"354400 Rio das Pedras";-;-;1102;9;56;1;5;-;-;-;-;33;-;-;44;-;34;-;-;-;-;-;-;-;8;-;-;-;-;-;3;-;19;-;-;-;-;-;-;-;-;-;-;-;-;-;-;-;-;-;175;1489
"354420 Riolandia";-;-;14;-;-;-;-;-;-;-;-;-;-;-;43;-;6;-;1;-;-;2;-;-;-;-;-;-;-;-;-;-;-;-;-;-;-;-;-;-;-;-;-;-;-;-;-;-;-;-;-;66
"354490 Sales Oliveira";-;-;45;-;-;-;-;-;-;-;-;-;-;-;6;-;8;2;3;-;-;-;-;1;-;-;-;-;-;-;-;-;4;-;3;-;-;-;-;-;-;-;-;-;-;-;-;-;-;-;-;72
"354500 Salesopolis";-;-;414;-;11;-;-;-;-;-;-;19;-;-;5;-;25;-;-;2;-;1;-;-;-;-;-;-;-;-;-;-;-;-;-;-;-;-;-;-;-;-;-;-;-;-;-;-;-;-;-;477
"354520 Salto";-;-;4666;42;241;51;123;-;-;12;-;287;179;69;853;1058;195;15;20;97;4;5;36;29;65;-;2;7;-;3;43;34;18;2;44;5;-;2;19;-;2;-;-;-;-;-;-;55;74;-;856;9213
"354530 Salto de Pirapora";-;-;82;109;21;-;-;-;-;-;-;13;-;-;201;-;59;1;4;-;-;2;-;9;3;-;1;-;-;6;61;1;72;-;9;-;-;-;-;-;-;-;-;-;-;-;-;-;6;-;87;747
"354540 Salto Grande";-;-;121;-;4;-;-;-;-;-;-;1;-;5;157;12;15;-;-;-;-;-;-;-;-;-;-;-;-;-;6;-;7;-;6;-;-;-;1;-;-;-;-;-;-;-;-;-;-;5;22;362
"354560 Santa Adelia";-;-;64;-;12;3;-;-;-;-;-;6;-;-;185;8;12;-;2;2;-;-;-;-;-;-;-;-;-;5;3;-;3;-;-;-;-;-;1;-;-;-;-;-;-;-;-;-;-;-;-;306
"354580 Santa Barbara d'Oeste";-;1;12204;161;955;81;86;-;-;22;-;355;255;93;3406;3140;162;-;145;136;-;7;860;39;869;1;3;6;1;4;87;68;41;-;53;27;-;3;8;-;20;-;-;-;-;-;-;59;95;-;2362;25815
"354630 Santa Cruz das Palmeiras";-;-;312;8;50;-;-;-;-;-;-;35;-;138;2996;206;46;-;-;11;3;-;-;3;1;-;-;3;-;-;10;12;6;-;15;-;-;-;-;-;-;-;-;-;-;-;-;6;7;13;206;4087
"354640 Santa Cruz do Rio Pardo";-;1;2886;150;213;52;131;-;-;-;-;200;163;-;1989;644;150;6;6;71;-;9;12;12;287;-;8;8;-;-;36;58;27;-;38;4;-;-;4;-;-;-;-;-;-;-;-;37;43;4;385;7634
"354660 Santa Fe do Sul";-;-;3146;40;63;24;68;-;-;-;-;195;138;14;48;866;483;-;23;69;-;5;5;7;11;-;-;-;-;-;48;14;9;-;8;2;-;-;-;-;3;-;-;-;-;-;-;3;26;-;873;6191
"354680 Santa Isabel";-;-;2761;24;86;28;17;-;-;-;-;104;42;42;215;356;92;5;4;43;-;1;-;11;67;-;1;-;-;-;14;10;24;-;28;1;-;-;5;-;-;-;-;-;-;-;-;16;3;-;692;4692
"354750 Santa Rita do Passa Quatro";-;-;311;-;25;-;-;-;-;-;-;24;-;-;164;-;31;1;3;8;-;4;-;1;-;-;-;-;-;-;9;6;-;-;8;-;-;-;-;-;-;-;-;-;-;-;-;1;7;-;122;725
"354760 Santa Rosa de Viterbo";-;-;259;-;10;6;-;-;-;-;-;12;-;-;668;-;43;-;3;7;-;2;-;1;-;-;-;-;-;-;-;-;-;-;-;-;-;-;-;-;-;-;-;-;-;-;-;-;-;-;179;1190
"354730 Santana de Parnaiba";-;316;1720;-;56;-;-;-;-;-;-;237;-;-;2714;-;123;4;7;-;-;-;-;48;-;-;-;-;-;-;-;-;-;-;31;-;-;-;-;-;-;-;-;-;-;-;-;-;-;-;-;5256
"354770 Santo Anastacio";-;-;848;12;43;24;-;-;-;-;-;20;-;4;187;20;70;8;2;-;-;4;-;3;-;-;1;-;-;-;-;1;3;-;1;-;-;-;-;-;-;-;-;-;-;-;-;1;-;-;239;1491
"354780 Santo Andre";-;32;49951;375;1104;286;971;107;-;63;-;1866;933;15728;32809;11639;1525;44;332;657;3;136;1475;187;156;4;29;24;8;37;315;313;192;14;148;23;6;9;29;5;31;-;-;-;-;-;-;398;703;261;5181;128109
"354790 Santo Antonio da Alegria";-;-;-;-;-;-;-;-;-;-;-;-;-;-;3;-;2;-;3;-;-;-;-;-;-;-;-;-;-;-;-;-;-;-;-;-;-;-;-;-;-;-;-;-;-;-;-;-;-;-;-;8
"354850 Santos";-;517;66114;869;3080;990;1215;150;-;179;5;3611;984;19054;33907;23103;1233;367;500;1425;-;104;2194;234;1162;3;71;15;21;136;246;189;181;20;243;155;11;1;62;64;40;-;-;17;-;1;-;355;764;377;14547;178516
"354860 Sao Bento do Sapucai";-;-;280;-;7;3;-;-;-;-;-;5;-;3;97;5;19;-;-;-;-;1;-;1;-;-;-;-;-;-;2;-;-;-;2;-;-;-;1;-;-;-;-;-;-;-;-;-;-;-;108;534
"354870 Sao Bernardo do Campo";-;85;91583;252;4144;984;1099;57;1;109;61;3128;654;26192;90557;43918;2374;170;1116;980;1;74;3880;194;6506;8;48;48;2;466;420;281;372;29;184;122;4;7;58;96;54;-;-;-;-;-;-;848;1579;529;13617;296891
"354880 Sao Caetano do Sul";-;108;34872;288;1132;563;719;-;-;86;2;1227;553;18702;14684;8095;568;30;104;219;-;18;738;26;655;3;2;4;17;6;115;46;159;11;43;13;3;1;3;25;6;-;-;-;-;-;-;170;151;-;3118;87285
"354890 Sao Carlos";-;2;24411;590;1922;453;620;98;9;29;-;1371;467;307;6866;14331;577;28;149;277;-;40;933;76;16;1;31;3;-;66;195;119;75;4;65;21;3;-;31;68;-;-;-;-;-;-;-;372;387;-;4466;59479
"354910 Sao Joao da Boa Vista";-;2;9492;188;409;181;205;-;-;19;5;350;288;5109;11860;3579;202;17;22;152;-;7;330;12;37;-;10;4;-;4;34;59;41;-;74;8;1;3;4;10;6;-;-;-;-;-;-;94;82;14;1650;34564
"354970 Sao Jose do Rio Pardo";-;2;3482;39;141;83;172;-;-;10;-;125;73;2668;7213;724;215;2;31;38;-;12;221;12;4;-;-;-;-;-;32;57;8;-;48;5;-;2;-;-;4;-;-;-;-;-;-;38;78;-;1166;16705
"354980 Sao Jose do Rio Preto";-;5;22647;1087;1101;636;786;46;-;47;4;965;1580;156;3601;20048;5517;90;194;878;-;19;953;50;219;1;29;38;9;105;124;163;98;7;124;55;15;-;29;95;22;-;1;7;-;1;-;103;3059;156;3990;68860
"354990 Sao Jose dos Campos";-;378;58280;1834;2406;707;1770;35;-;138;-;3692;2330;537;34615;23684;3526;311;265;1329;31;53;1283;199;102;7;32;77;69;112;285;231;210;6;259;70;25;67;16;139;2;-;1;-;-;5;-;313;762;-;7237;147430
"355000 Sao Luis do Paraitinga";-;-;115;-;6;-;-;-;-;-;-;2;-;-;124;-;27;-;-;-;-;-;-;-;-;-;-;-;-;-;-;-;-;-;-;-;-;-;-;-;-;-;-;-;-;-;-;-;-;-;10;284
"355010 Sao Manuel";-;-;68;-;16;-;4;-;-;-;-;69;10;-;252;-;30;-;10;-;-;-;-;14;-;-;-;-;-;-;-;-;-;-;15;-;-;-;-;-;-;-;-;-;-;-;-;-;-;-;291;779
"355020 Sao Miguel Arcanjo";-;-;1384;-;82;4;-;-;-;-;-;22;-;398;1578;416;46;4;5;-;-;1;-;-;2;-;-;-;-;-;33;-;12;-;-;-;-;-;-;-;-;-;-;-;-;-;-;-;-;-;325;4312
"355030 Sao Paulo";-;3777;454570;5069;17467;6602;10686;493;25;684;87;16392;4077;66844;281752;80655;17899;1729;2662;4366;2;286;8263;2387;2741;12;275;519;424;1028;3238;3065;2989;129;1530;339;122;37;275;260;116;859;36;148;-;114;3004;17135;5181;2671;53589;1086610
"355040 Sao Pedro";-;18;2707;138;106;12;24;-;-;-;-;89;-;136;1867;447;47;2;-;32;-;-;-;15;25;-;-;1;-;44;61;20;70;-;18;-;1;-;-;-;-;-;-;-;-;-;-;-;38;30;485;6433
"355060 Sao Roque";-;-;3088;43;241;29;-;-;-;-;-;315;67;2083;2075;-;113;4;2;23;-;11;-;48;10;-;-;-;-;-;26;9;32;-;44;-;-;-;-;-;-;-;-;-;-;-;-;36;1;8;1095;9403
"355070 Sao Sebastiao";-;-;8559;70;28;41;93;-;-;6;-;105;-;82;2504;770;224;6;49;103;-;16;-;47;3;-;-;1;-;-;34;27;55;1;38;-;1;-;2;-;-;-;-;-;-;-;-;2;42;-;802;13711
"355080 Sao Sebastiao da Grama";-;-;84;2;17;-;-;-;-;-;-;2;-;-;166;-;18;1;-;2;-;2;-;-;1;-;-;-;-;-;8;-;-;-;-;-;-;-;-;-;-;-;-;-;-;-;-;-;5;-;153;461
"355090 Sao Simao";-;-;-;-;-;-;-;-;-;-;-;11;-;-;287;-;20;-;-;-;-;-;-;-;-;-;-;-;-;-;-;-;-;-;-;-;-;-;-;-;-;-;-;-;-;-;-;-;-;-;172;490
"355100 Sao Vicente";-;28;9395;-;46;166;-;-;-;9;-;450;244;3136;3986;1852;494;14;8;123;-;22;52;61;936;-;-;1;-;1;59;45;18;1;109;13;6;-;2;-;1;-;-;-;-;-;-;196;160;6;3468;25108
"355160 Serra Negra";-;-;12;-;31;-;-;-;-;-;-;49;-;12;22;-;40;1;5;5;-;4;-;2;-;-;-;-;-;-;1;11;-;-;10;-;-;-;-;-;-;-;-;-;-;-;-;-;17;-;217;439
"355150 Serrana";-;-;133;-;5;-;-;-;-;-;-;6;-;-;1057;-;37;-;1;-;-;11;-;-;18;-;-;-;-;-;-;-;-;-;-;-;-;-;-;-;-;-;-;-;-;-;-;-;-;-;86;1354
"355170 Sertaozinho";-;-;5983;303;936;93;100;12;-;32;3;309;467;82;1717;4577;121;-;22;148;-;19;542;36;96;-;66;-;-;14;60;261;55;-;62;16;1;8;48;-;3;-;-;2;-;-;-;124;221;1;1766;18306
"355200 Silveiras";-;-;12;-;-;-;-;-;-;-;-;2;-;-;1;-;2;-;-;-;-;-;-;-;-;-;-;-;-;-;-;-;-;-;-;-;-;-;-;-;-;-;-;-;-;-;-;-;-;-;-;17
"355210 Socorro";-;-;2598;33;177;-;-;-;-;-;-;128;-;-;174;-;97;7;4;-;-;4;-;-;41;-;-;-;-;3;11;22;8;-;24;2;1;-;1;-;-;-;-;-;-;-;-;7;32;-;357;3731
"355220 Sorocaba";3;132;45477;534;2675;1022;645;8;-;123;-;3014;813;379;8996;7318;1159;117;182;762;154;13;1522;225;62;2;15;29;-;126;191;172;159;2;182;55;5;-;14;73;30;32;-;-;-;6;32;509;965;162;9163;87259
"355230 Sud Mennucci";-;-;12;-;-;-;-;-;-;-;-;-;-;6;35;-;9;-;1;-;-;1;-;1;-;-;-;-;-;-;13;1;2;-;7;-;-;-;-;-;-;-;-;-;-;-;-;-;-;-;6;94
"355250 Suzano";-;9;4587;31;324;83;17;-;-;-;-;697;84;391;3312;1739;73;-;-;53;-;3;3;129;-;-;-;-;-;-;17;61;1;-;80;2;1;-;-;-;-;-;-;-;-;-;-;100;80;-;754;12631
"355260 Tabapua";-;-;456;-;19;-;-;-;-;-;-;16;-;-;218;-;50;-;12;1;-;-;-;-;-;-;-;-;-;-;6;-;-;-;-;-;-;-;-;-;-;-;-;-;-;-;-;-;-;-;71;849
"355270 Tabatinga";-;-;443;5;15;-;-;-;-;-;-;-;-;-;137;-;38;-;6;-;-;-;-;1;-;-;-;-;-;-;9;-;3;-;6;-;-;-;-;-;-;-;-;-;-;-;-;-;-;-;92;755
"355280 Taboao da Serra";-;845;65;-;86;-;-;-;-;-;-;300;-;63;5646;275;232;8;8;-;-;16;-;29;11;-;-;-;-;-;-;-;18;-;38;13;-;-;-;-;-;-;-;-;-;-;-;70;-;7;755;8485
"355300 Taguai";-;-;347;-;42;5;-;-;-;-;-;22;-;87;364;44;20;-;-;-;-;-;-;4;-;-;-;-;-;-;3;-;1;-;5;-;-;-;-;-;-;-;-;-;-;-;-;-;-;6;85;1035
"355330 Tambau";-;-;452;19;17;17;-;-;-;-;-;5;-;-;1408;34;43;2;-;4;-;3;-;2;1;-;1;-;-;-;12;4;7;1;8;-;-;-;-;-;-;-;-;-;-;-;-;-;-;-;27;2067
"355360 Tapiratiba";-;-;-;-;5;-;-;-;-;-;-;1;-;17;97;-;12;1;3;1;-;2;-;-;-;-;-;-;-;-;6;-;8;-;-;-;-;-;-;-;-;-;-;-;-;-;-;-;-;-;73;226
"355370 Taquaritinga";-;-;2550;21;187;94;106;14;-;-;-;79;-;-;140;524;149;8;3;-;-;1;-;3;4;-;1;2;-;5;28;26;36;2;22;1;-;-;3;-;-;-;-;-;-;-;-;-;13;-;724;4746
"355380 Taquarituba";-;-;590;-;40;-;-;-;-;-;-;102;-;46;482;-;69;-;3;-;-;10;-;11;7;-;2;-;-;-;8;23;7;-;14;-;-;-;2;-;-;-;-;-;-;-;-;3;25;25;249;1718
"355400 Tatui";-;8;7762;102;442;72;31;8;-;4;-;103;-;178;1891;2051;372;-;7;9;-;3;-;78;2;-;1;2;-;-;89;27;29;3;92;1;-;-;4;-;-;-;-;-;-;-;-;3;36;161;1431;15002
"355410 Taubate";-;9;19998;1043;1195;362;338;-;-;83;-;426;704;256;1829;2458;651;-;158;291;-;6;968;93;1;-;15;6;-;1;34;145;73;14;144;21;-;2;12;37;16;-;-;-;-;-;-;165;102;-;2853;34509
"355430 Teodoro Sampaio";-;-;898;-;35;-;-;-;-;-;-;76;-;-;525;-;66;-;7;13;-;-;-;2;-;-;-;-;-;-;1;-;-;-;4;-;-;-;-;-;-;-;-;-;-;-;-;-;-;-;256;1883
"355440 Terra Roxa";-;-;30;-;-;-;-;-;-;-;-;-;-;-;-;-;15;-;-;-;-;-;-;-;-;-;-;-;-;-;-;-;-;-;-;-;-;-;-;-;-;-;-;-;-;-;-;-;-;-;-;45
"355450 Tiete";-;-;855;36;42;-;-;-;-;-;-;54;15;-;2569;-;109;-;-;-;-;4;-;19;-;-;-;-;-;7;3;4;8;-;36;-;-;-;-;-;-;-;-;-;-;-;-;6;-;-;238;4005
"355470 Torrinha";-;-;82;-;3;-;-;-;-;-;-;2;-;-;-;-;9;-;1;-;-;-;-;-;-;-;-;-;-;-;-;-;-;-;-;-;-;-;-;-;-;-;-;-;-;-;-;-;-;-;-;97
"355510 Tupi Paulista";-;-;900;10;38;14;-;-;-;-;-;21;62;-;5;119;64;4;3;31;-;1;-;2;-;-;-;-;-;-;7;-;1;-;4;-;-;-;-;-;-;-;-;-;-;-;-;1;-;4;305;1596
"355540 Ubatuba";-;-;4796;17;251;57;167;-;-;-;-;357;94;129;744;148;266;1;2;48;-;29;-;33;-;-;-;-;-;-;26;10;10;1;27;3;3;-;9;-;-;-;-;-;-;-;-;13;8;-;400;7649
"355580 Urania";-;-;144;-;-;-;-;-;-;-;-;-;-;-;58;-;12;-;-;-;-;-;-;-;-;-;-;-;-;-;-;-;-;-;-;-;-;-;-;-;-;-;-;-;-;-;-;-;-;-;-;214
"355600 Urupes";-;-;430;-;27;-;-;-;-;-;-;5;-;-;190;-;39;-;1;-;-;-;-;-;-;-;-;-;-;-;-;-;-;-;-;-;-;-;-;-;-;-;-;-;-;-;-;-;-;-;167;859
"355620 Valinhos";-;-;4651;73;206;86;233;-;-;20;-;260;378;46;1009;3026;156;8;36;101;-;13;-;18;927;-;1;4;-;1;48;51;27;-;25;16;1;-;6;-;3;-;-;-;-;-;-;229;87;-;2140;13886
"355630 Valparaiso";-;-;292;11;24;-;-;-;-;-;-;12;-;18;-;42;25;1;2;-;-;-;-;-;-;-;-;-;-;-;9;-;4;-;9;-;-;-;-;-;-;-;-;-;-;-;-;-;-;7;56;512
"355640 Vargem Grande do Sul";-;1;1541;88;117;40;-;-;-;-;-;67;32;29;717;-;98;-;8;32;-;3;-;10;40;-;1;-;-;1;27;18;24;-;21;3;-;-;-;-;-;-;-;-;-;-;-;3;22;17;645;3605
"355650 Varzea Paulista";-;-;774;-;40;-;-;-;-;-;-;-;-;-;1;-;50;1;5;-;-;-;-;-;-;-;-;-;-;-;-;-;-;-;-;-;-;-;-;-;-;-;-;-;-;-;-;-;-;-;18;889
"355670 Vinhedo";-;3;3817;152;187;85;153;1;-;88;-;149;-;45;416;1062;100;6;23;-;-;1;80;11;79;2;2;-;-;7;58;34;74;3;34;3;4;-;9;-;3;-;-;-;-;-;-;2;42;8;449;7192
"355680 Viradouro";-;-;256;-;6;2;-;-;-;-;-;1;-;-;620;-;27;-;-;-;-;-;-;-;-;-;-;-;-;-;-;-;-;-;-;-;-;-;-;-;-;-;-;-;-;-;-;10;-;-;67;989
"355700 Votorantim";-;-;4695;61;109;53;-;-;-;-;-;181;-;93;2503;781;187;5;32;71;-;1;-;50;3;-;-;1;52;19;85;11;41;2;44;1;-;1;-;-;-;-;-;-;-;-;-;4;30;-;977;10093
"350000 Sao Paulo - Gestao estadual";34;4319;2112411;27988;78878;23752;38087;3026;309;4461;953;60480;29925;94426;574728;427155;156415;8186;12205;27894;137;1692;62110;4909;26179;206;1974;2853;3731;5493;11248;9678;6904;575;4765;2203;716;257;1102;3413;534;2006;80;509;9;333;6270;43893;33624;1479;291010;4215524
"Total";332;19725;4159432;54835;168908;50234;78544;4938;360;7892;1395;152701;59817;389004;1616970;906839;252312;13358;24219;51789;349;3946;110717;13758;59774;273;3336;4340;4972;9384;23830;22147;16913;1048;15037;4432;1139;490;2543;5018;1225;2949;143;791;9;468;9395;72690;65254;8272;615004;9093250
 Fonte: Ministerio da Saude - Sistema de Informacoes Hospitalares do SUS (SIH/SUS)
 Notas:
 
 Dados referentes aos ultimos seis meses, sujeitos a atualizacao.
 
